16:33:04.335  NAV     якорь прогулки — здесь (0, 0) px карты
16:33:04.344  NAV     позиция (0, 0) px, до якоря 0 м, масштаб 1.50 px/м (оценка), 16.7 сч/°, курс ? | карта читается (0.00)
16:33:04.537  VISION  panel: found=False (цели нет: нет чёрных линий рамки)  фаза=TAB  |  aim: found=True offset=(+500.0, -53.2)  |  bars=2 marked=0 lock=True enroute=False eng=False txt=-
16:33:04.581  LIST    1:14м 2:24м 3:37м! 4:37м
16:33:04.582  PHASE   TAB -> LIST (поиск: ближний в списке №1 (14 м))
16:33:04.582  LIST    -> №1 из [1:14м 2:24м 3:37м! 4:37м], клик Alt+ПКМ
16:33:04.583  MOVE    поиск фраза #631 1.6 с | позиция вперёд +0.0 вбок +0.0
16:33:04.747  CLICK   Alt+ПКМ по (142, 533)
16:33:04.764  CAMERA  заморожена (lock-on)
16:33:04.909  LIST    1:14м 2:24м 3:38м! 4:37м
16:33:05.064  LIST    1:13м 2:23м 3:38м! 4:36м
16:33:05.350  CLICK   перед кликом отпустил a
16:33:05.383  LIST    1:12м 2:22м 3:39м! 4:34м
16:33:05.537  VISION  panel: found=False (цели нет: нет чёрных линий рамки)  фаза=LIST  |  aim: found=True offset=(+595.5, -47.2)  |  bars=10 marked=0 lock=True enroute=False eng=False txt=-
16:33:05.565  LIST    1:511м* 2:22м 3:39м! 4:34м
16:33:05.685  LIST    выбран №1 (рамка на строке) -> бой
16:33:05.687  STATE   SEARCH -> COMBAT (панель нашла цель, фаза LIST, кликов подхода: 0)
16:33:05.688  ENGAGE  шлагбаум закрыт: жду первого падения HP (эталон текста: HpText(sig=6fdc5457, ink=167, 11x84), полоска 100.0%)
16:33:05.850  LIST    1:11м* 2:22м 3:39м! 4:34м
16:33:05.934  CLICK   готово, Alt отпущен
16:33:05.962  GATE    ротация ждёт первого упавшего HP цели (она ещё не в зоне удара)
16:33:05.963  CAMERA  разморожена
16:33:06.110  LIST    пусто
16:33:06.110  ZOOM    колесо вниз x16 (следующая прокрутка через 10 с)
16:33:06.111  WHEEL   вниз x16 (камера отдаляется)
16:33:06.117  CAMERA  заморожена (lock-on)
16:33:06.221  CAMERA  цель в кадре (номер 1) — веду плавно
16:33:06.370  LIST    1:? 2:22м 3:24м 4:28м 5:34м 6:38м
16:33:06.371  CAMERA  цель в кадре (слежение) — веду плавно
16:33:06.465  CAMERA  упор на цель: жест -245 счётчиков (цель в -492 px, 2.00 px/сч)
16:33:06.465  MOVE    поворот камеры: жест #268 x-1.00 (-245 из -245 счётчиков)
16:33:06.583  VISION  panel: found=True hp=100.0%  |  aim: found=False offset=(+0.0, +0.0)  |  bars=0 marked=0 lock=True enroute=False eng=False txt=d22dd3a4/155
16:33:06.610  LIST    1:8м* 2:22м 3:24м 4:28м 5:34м 6:38м
16:33:06.720  ENGAGE  цель в зоне удара через 1.0 с после входа (текст HP изменился на 155 px) — открываю ротацию
16:33:07.181  LIST    1:8м* 2:22м 3:28м 4:28м 5:34м 6:38м
16:33:07.726  LIST    1:7м* 2:22м 3:28м 4:28м 5:34м 6:38м
16:33:07.729  CAMERA  цель в кадре (стрелки) — веду плавно
16:33:07.731  CAMERA  разморожена
16:33:08.242  VISION  panel: found=True hp=49.6%  |  aim: found=False offset=(+0.0, +0.0)  |  bars=0 marked=0 lock=True enroute=False eng=True txt=75a06fb4/147
16:33:08.270  LIST    2:22м 3:26м 4:28м 5:34м 6:38м
16:33:08.271  CHAIN   START 'Цепочка #2': 4 скилл(ов), не короче 3.6 с — до конца замок
16:33:08.271  ROTATION: цепочка 'Цепочка #2' кастуется, следующий повтор через 7.3с (диапазон 7.2-8.8с, независимо от других цепочек).
16:33:08.272  MOVE    бой фраза #723 0.6 с | позиция вперёд +0.0 вбок +0.0
16:33:08.273  === COMBO START ['press_1'] ===
16:33:08.274  PRESS   1 (down, держим 117 мс)
16:33:08.393  PRESS   1 (up)
16:33:08.470  === COMBO END ===
16:33:08.648  LIST    2:22м 3:26м 4:28м 5:34м 6:37м
16:33:08.885  MOVE    бой фраза #313 0.9 с | позиция вперёд +0.1 вбок -0.5
16:33:08.905  LIST    2:22м 3:28м 4:27м 5:33м 6:36м
16:33:09.083  LIST    2:21м 3:28м 4:27м 5:31м 6:38м
16:33:09.254  LIST    2:21м 3:24м 4:26м 5:30м 6:34м
16:33:09.367  VISION  panel: found=False (цели нет: нет чёрных линий рамки)  фаза=LIST  |  aim: found=False offset=(+0.0, +0.0)  |  bars=0 marked=0 lock=True enroute=False eng=True txt=-
16:33:09.399  LIST    2:21м 3:24м 4:26м 5:39м 6:34м
16:33:09.425  NAV     позиция (5, -3) px, до якоря 4 м, масштаб 1.50 px/м (оценка), 16.7 сч/°, курс 151° | карта читается (0.87)
16:33:09.556  LIST    2:22м 3:24м 4:28м 5:29м 6:33м
16:33:09.815  LIST    2:22м 3:24м 4:28м 5:30м 6:34м
16:33:09.838  MOVE    бой фраза #415 (зерк.) 2.1 с | позиция вперёд +0.2 вбок -0.6
16:33:10.082  LIST    2:20м 3:26м 4:27м 5:30м 6:38м
16:33:10.303  LIST    2:20м 3:27м 4:28м 5:31м 6:36м
16:33:10.304  STATE   COMBAT -> SEARCH (панель отсутствовала 1.53с подряд, грейс-период 1.50с; последнее HP 0.0%, скорость 0.0 п.п./с, прогноз 0.0% -> УБИТА) -> cancel_pending_actions()
16:33:10.304  BBOX    событие 'lost_verdict' сохранено: 163304_001_lost_verdict
16:33:10.304  CHAIN   'Цепочка #2' снята обрывом (цель пропала), шла 2.0 с
16:33:10.305  MOVE    поиск фраза #627 1.0 с | позиция вперёд +0.0 вбок +0.0
16:33:10.406  VISION  panel: found=False (цели нет: нет чёрных линий рамки)  фаза=TAB  |  aim: found=True offset=(-111.0, -91.2)  |  bars=1 marked=0 lock=True enroute=False eng=False txt=-
16:33:10.409  PHASE   TAB -> LIST (поиск: ближний в списке №2 (20 м))
16:33:10.409  LIST    -> №2 из [2:20м 3:27м 4:28м 5:31м 6:36м], клик Alt+ПКМ
16:33:10.410  MOVE    поиск фраза #323 (зерк.) 1.5 с | позиция вперёд +0.0 вбок +0.0
16:33:10.424  NAV     якорь прогулки — здесь (4, -1) px карты
16:33:10.536  CLICK   Alt+ПКМ по (124, 566)
16:33:10.545  CAMERA  заморожена (lock-on)
16:33:10.683  LIST    2:20м 3:28м 4:29м 5:34м 6:38м
16:33:10.864  LIST    2:20м 3:29м 4:29м 5:38м 6:39м
16:33:11.031  LIST    2:21м 3:30м 4:30м 5:36м 6:40м
16:33:11.171  LIST    пусто
16:33:11.420  LIST    1:21м 2:37м! 3:30м 4:31м 5:37м
16:33:11.512  VISION  panel: found=True hp=100.0%  |  aim: found=True offset=(-175.0, -106.7)  |  bars=5 marked=0 lock=True enroute=False eng=False txt=bb575dc5/151
16:33:11.666  LIST    1:21м 2:36м*! 3:31м 4:32м 5:38м
16:33:11.666  LIST    выбран №2 (рамка на строке) -> бой
16:33:11.667  STATE   SEARCH -> COMBAT (панель нашла цель, фаза LIST, кликов подхода: 0)
16:33:11.667  ENGAGE  шлагбаум закрыт: жду первого падения HP (эталон текста: HpText(sig=bb575dc5, ink=151, 11x84), полоска 100.0%)
16:33:11.823  CLICK   готово, Alt отпущен
16:33:11.837  CAMERA  разморожена
16:33:11.919  LIST    1:21м 2:34м*! 3:33м 4:33м 5:39м
16:33:11.919  GATE    ротация ждёт первого упавшего HP цели (она ещё не в зоне удара)
16:33:12.179  LIST    1:20м 2:32м*! 3:38м 4:38м 5:41м
16:33:12.180  CAMERA  цели в кадре нет — смотрю, куда бегу: поворот +48°
16:33:12.181  MOVE    поворот камеры: жест #191 x-1.01 (+792 из +792 счётчиков)
16:33:12.480  BBOX    событие 'panel_miss_beige' сохранено: 163304_002_panel_miss_beige
16:33:12.520  LIST    1:20м 2:30м*! 3:37м 4:37м 5:43м
16:33:12.522  CAMERA  цель в кадре (номер 2) — веду плавно
16:33:12.522  NAV     масштаб карты: 0.42 px/м (замер 0.42, 1 замеров)
16:33:12.654  VISION  panel: found=True hp=100.0%  |  aim: found=True offset=(+463.0, +5.8)  |  bars=1 marked=1 lock=True enroute=False eng=False txt=bb575dc5/151
16:33:12.687  LIST    1:20м 2:29м*! 3:38м 4:38м 5:44м
16:33:12.688  CAMERA  цель в кадре (стрелки) — веду плавно
16:33:13.014  LIST    1:21м 2:27м*! 3:40м 4:41м 5:46м
16:33:13.168  LIST    1:21м 2:26м*! 3:41м 4:5м 5:47м
16:33:13.169  CAMERA  цель в кадре (слежение) — веду плавно
16:33:13.169  CAMERA  упор на цель: жест +179 счётчиков (цель в +406 px, 2.00 px/сч)
16:33:13.169  MOVE    поворот камеры: жест #323 x-0.97 (+179 из +179 счётчиков)
16:33:13.432  LIST    1:21м 2:24м*! 3:42м 4:43м 5:48м
16:33:13.432  NAV     масштаб карты: 0.64 px/м (замер 0.64, 2 замеров)
16:33:13.681  VISION  panel: found=True hp=100.0%  |  aim: found=True offset=(+315.0, -6.2)  |  bars=1 marked=1 lock=True enroute=False eng=False txt=bb575dc5/151
16:33:13.704  LIST    1:22м 2:23м*! 3:44м 4:48м 5:80м
16:33:13.807  CAMERA  упор на цель: жест +302 счётчиков (цель в +308 px, 0.96 px/сч)
16:33:13.808  MOVE    поворот камеры: жест #266 x-1.00 (+302 из +302 счётчиков)
16:33:13.983  LIST    1:22м 2:21м*! 3:546м~ 4:47м 5:82м
16:33:14.224  LIST    1:23м 2:19м*! 3:547м~ 4:48м 5:83м
16:33:14.501  LIST    1:24м 2:18м*! 3:549м~ 4:80м 5:88м
16:33:14.502  NAV     масштаб карты: 0.64 px/м (замер 0.67, 3 замеров)
16:33:14.676  LIST    1:28м 2:17м*! 3:580м~ 4:81м 5:86м
16:33:14.694  NAV     позиция (-1, 12) px, до якоря 21 м, масштаб 0.64 px/м, 16.7 сч/°, курс 148° | карта читается (0.99)
16:33:14.786  VISION  panel: found=True hp=100.0%  |  aim: found=True offset=(+146.0, +16.3)  |  bars=1 marked=1 lock=True enroute=False eng=False txt=bb575dc5/151
16:33:14.812  LIST    1:28м 2:16м*! 3:581м~ 4:82м 5:87м
16:33:14.979  LIST    1:26м 2:14м*! 3:582м~ 4:83м 5:88м
16:33:15.382  LIST    1:26м 2:14м*! 3:582м~ 4:583м~ 5:88м
16:33:15.800  VISION  panel: found=True hp=100.0%  |  aim: found=True offset=(+148.5, +21.3)  |  bars=1 marked=1 lock=True enroute=False eng=False txt=bb575dc5/151
16:33:16.115  LIST    1:26м 3:582м~ 4:583м~ 5:88м
16:33:16.115  ENGAGE  цель в зоне удара через 4.5 с после входа (текст HP изменился на 165 px) — открываю ротацию
16:33:16.116  MOVE    бой фраза #771 0.7 с | позиция вперёд +0.0 вбок +0.0
16:33:16.279  LIST    пусто
16:33:16.409  CHAIN   RESUME 'Цепочка #2': доигрываю 3 скилл(ов), не нажатых до смерти цели
16:33:16.410  CHAIN   START 'Цепочка #2 (доигрываю)': 3 скилл(ов), не короче 2.7 с — до конца замок
16:33:16.410  === COMBO START ['press_2'] ===
16:33:16.411  PRESS   2 (down, держим 101 мс)
16:33:16.528  PRESS   2 (up)
16:33:16.584  LIST    2:21м 3:28м 4:31м! 5:36м 6:36м! 7:26м
16:33:16.585  CHAIN   WAIT: 'Цепочка #2' готова, но идёт 'Цепочка #2 (доигрываю)' (0.1 с из минимум 2.7 с) — жду
16:33:16.603  === COMBO END ===
16:33:16.750  LIST    2:22м 3:28м 4:31м! 5:37м 6:37м! 7:26м
16:33:16.772  MOVE    бой фраза #604 1.2 с | позиция вперёд -0.3 вбок +0.1
16:33:16.903  VISION  panel: found=True hp=28.6%  |  aim: found=False offset=(+0.0, +0.0)  |  bars=0 marked=0 lock=True enroute=False eng=True txt=7880c6da/126
16:33:16.932  LIST    2:23м 3:26м 4:31м! 5:38м 6:38м! 7:26м
16:33:17.213  LIST    2:28м 3:28м 4:33м! 5:39м 6:40м! 7:24м
16:33:17.515  LIST    2:28м 3:29м 4:34м! 5:39м 6:40м! 7:23м
16:33:17.670  LIST    2:26м 3:30м 4:36м! 5:39м 6:41м! 7:22м
16:33:17.895  LIST    2:27м 3:32м 4:37м! 5:38м 6:41м! 7:20м
16:33:18.002  MOVE    бой фраза #798 (зерк.) 1.2 с | позиция вперёд -0.2 вбок -0.8
16:33:18.024  VISION  panel: found=False (цели нет: нет чёрных линий рамки)  фаза=LIST  |  aim: found=False offset=(+0.0, +0.0)  |  bars=0 marked=0 lock=True enroute=False eng=True txt=-
16:33:18.056  LIST    2:26м 3:32м 4:37м! 5:37м 6:40м! 7:20м
16:33:18.350  LIST    2:28м 3:31м 4:37м! 5:36м 6:39м! 7:19м
16:33:18.499  LIST    2:28м 3:31м 4:37м! 5:36м 6:39м! 7:20м
16:33:18.665  LIST    2:24м 3:30м 4:36м! 5:36м 6:38м! 7:21м
16:33:18.819  LIST    2:24м 3:29м 4:38м! 5:37м 6:37м! 7:22м
16:33:18.822  STATE   COMBAT -> SEARCH (панель отсутствовала 1.61с подряд, грейс-период 1.50с; последнее HP 0.0%, скорость 0.0 п.п./с, прогноз 0.0% -> УБИТА) -> cancel_pending_actions()
16:33:18.823  BBOX    событие 'lost_verdict' сохранено: 163304_003_lost_verdict
16:33:18.824  CHAIN   'Цепочка #2 (доигрываю)' снята обрывом (цель пропала), шла 2.4 с
16:33:18.824  MOVE    поиск фраза #660 1.0 с | позиция вперёд +0.0 вбок +0.0
16:33:18.840  NAV     якорь прогулки — здесь (-0, 12) px карты
16:33:18.989  LIST    2:23м 3:28м 4:34м! 5:37м 6:37м! 7:23м
16:33:18.990  PHASE   TAB -> LIST (поиск: ближний в списке №2 (23 м))
16:33:18.990  LIST    -> №2 из [2:23м 3:28м 4:34м! 5:37м 6:37м! 7:23м], клик Alt+ПКМ
16:33:18.991  MOVE    поиск фраза #162 1.6 с | позиция вперёд +0.0 вбок +0.1
16:33:19.114  VISION  panel: found=False (цели нет: нет чёрных линий рамки)  фаза=LIST  |  aim: found=True offset=(+595.0, +68.3)  |  bars=15 marked=0 lock=True enroute=False eng=False txt=-
16:33:19.114  CLICK   Alt+ПКМ по (124, 568)
16:33:19.140  CAMERA  заморожена (lock-on)
16:33:19.262  LIST    2:23м 3:27м 4:32м! 5:38м 6:36м! 7:28м
16:33:19.556  LIST    2:22м 3:26м 4:31м! 5:39м 6:36м! 7:26м
16:33:19.984  LIST    2:22м* 3:26м 4:31м! 5:39м 6:36м! 7:26м
16:33:20.009  NAV     позиция (-2, 12) px, до якоря 3 м, масштаб 0.64 px/м, 16.7 сч/°, курс 166° | карта читается (1.00)
16:33:20.102  LIST    выбран №2 (рамка на строке) -> бой
16:33:20.103  STATE   SEARCH -> COMBAT (панель нашла цель, фаза LIST, кликов подхода: 0)
16:33:20.103  ENGAGE  шлагбаум закрыт: жду первого падения HP (эталон текста: HpText(sig=d5ac6f45, ink=161, 11x84), полоска 100.0%)
16:33:20.198  VISION  panel: found=True hp=100.0%  |  aim: found=True offset=(+150.0, -36.2)  |  bars=1 marked=1 lock=True enroute=False eng=False txt=d5ac6f45/161
16:33:20.233  LIST    2:21м* 3:24м 4:30м! 5:38м 6:34м! 7:27м
16:33:20.234  CAMERA  цель в кадре (номер 2) — веду плавно
16:33:20.294  CLICK   готово, Alt отпущен
16:33:20.312  CAMERA  разморожена
16:33:20.395  LIST    2:20м* 3:23м 4:29м! 5:37м 6:33м! 7:28м
16:33:20.395  ZOOM    колесо вниз x5 (следующая прокрутка через 10 с)
16:33:20.396  GATE    ротация ждёт первого упавшего HP цели (она ещё не в зоне удара)
16:33:20.396  WHEEL   вниз x5 (камера отдаляется)
16:33:20.396  CAMERA  цель в кадре (слежение) — веду плавно
16:33:20.402  CAMERA  заморожена (lock-on)
16:33:20.713  LIST    2:18м* 3:22м 4:28м! 5:36м 6:31м! 7:29м
16:33:20.896  LIST    2:17м* 3:21м 4:28м! 5:36м 6:30м! 7:29м
16:33:20.924  CAMERA  разморожена
16:33:21.061  LIST    2:16м* 3:20м 4:27м! 5:38м 6:29м! 7:30м
16:33:21.221  VISION  panel: found=True hp=100.0%  |  aim: found=True offset=(+126.0, -51.2)  |  bars=1 marked=1 lock=True enroute=False eng=False txt=d5ac6f45/161
16:33:21.243  LIST    пусто
16:33:21.512  LIST    1:5м* 2:19м 3:27м! 4:38м 5:36м 6:27м! 7:31м
16:33:21.513  NAV     масштаб карты: 0.64 px/м (замер 0.27, 4 замеров)
16:33:21.513  MOVE    бой фраза #555 0.9 с | позиция вперёд +0.0 вбок +0.0
16:33:21.800  LIST    1:14м* 2:19м 3:28м! 4:38м 5:36м 6:27м! 7:31м
16:33:21.966  LIST    1:18м* 2:20м 3:28м! 4:38м 5:37м 6:28м! 7:31м
16:33:22.242  VISION  panel: found=True hp=100.0%  |  aim: found=False offset=(+0.0, +0.0)  |  bars=0 marked=0 lock=True enroute=False eng=False txt=d5ac6f45/161
16:33:22.375  LIST    1:12м* 2:20м 3:28м! 4:38м 5:37м 6:28м! 7:31м
16:33:22.482  ENGAGE  цель в зоне удара через 2.4 с после входа (текст HP изменился на 60 px) — открываю ротацию
16:33:22.761  CHAIN   RESUME 'Цепочка #2 (доигрываю)': доигрываю 2 скилл(ов), не нажатых до смерти цели
16:33:22.761  CHAIN   START 'Цепочка #2 (доигрываю) (доигрываю)': 2 скилл(ов), не короче 1.8 с — до конца замок
16:33:22.761  === COMBO START ['press_3'] ===
16:33:22.763  PRESS   3 (down, держим 138 мс)
16:33:22.907  PRESS   3 (up)
16:33:22.940  LIST    1:9м* 2:19м 3:28м! 4:38м 5:37м 6:28м! 7:31м
16:33:22.941  CHAIN   WAIT: 'Цепочка #2' готова, но идёт 'Цепочка #2 (доигрываю) (доигрываю)' (0.1 с из минимум 1.8 с) — жду
16:33:22.968  === COMBO END ===
16:33:23.095  LIST    1:9м* 2:19м 3:28м! 4:38м 5:37м 6:29м! 7:31м
16:33:23.251  VISION  panel: found=True hp=74.0%  |  aim: found=False offset=(+0.0, +0.0)  |  bars=0 marked=0 lock=True enroute=False eng=True txt=930bd8cb/249
16:33:23.285  LIST    1:7м* 2:19м 3:28м! 4:38м 5:37м 6:29м! 7:31м
16:33:23.447  LIST    1:7м* 2:19м 3:27м! 4:38м 5:37м 6:29м! 7:31м
16:33:23.602  CAMERA  цель в кадре (стрелки) — веду плавно
16:33:23.764  LIST    2:19м 3:27м! 4:38м 5:37м 6:29м! 7:31м
16:33:23.765  MOVE    бой фраза #720 0.6 с | позиция вперёд +0.0 вбок +0.0
16:33:24.028  LIST    2:18м 3:27м! 4:36м 5:37м 6:29м! 7:31м
16:33:24.028  CAMERA  цель в кадре (слежение) — веду плавно
16:33:24.168  === COMBO START ['press_4'] ===
16:33:24.169  PRESS   4 (down, держим 133 мс)
16:33:24.172  LIST    2:17м 3:27м! 4:36м 5:36м 6:28м! 7:32м
16:33:24.294  VISION  panel: found=True hp=39.5%  |  aim: found=True offset=(-14.0, -30.7)  |  bars=1 marked=1 lock=True enroute=False eng=True txt=a96af177/143
16:33:24.307  PRESS   4 (up)
16:33:24.383  === COMBO END ===
16:33:24.414  MOVE    бой фраза #535 0.9 с | позиция вперёд +0.3 вбок +0.5
16:33:24.464  LIST    2:16м 3:28м! 4:36м 5:34м 6:26м! 7:34м
16:33:24.639  LIST    2:18м 3:24м! 4:36м 5:33м 6:28м! 7:38м
16:33:24.992  LIST    2:13м 3:24м! 4:37м 5:32м 6:24м! 7:36м
16:33:24.993  CHAIN   WAIT: 'Цепочка #2' готова, но идёт 'Цепочка #2 (доигрываю) (доигрываю)' (2.2 с из минимум 1.8 с) — жду
16:33:25.019  NAV     позиция (-6, 17) px, до якоря 12 м, масштаб 0.64 px/м, 16.7 сч/°, курс 166° | карта читается (0.89)
16:33:25.149  LIST    2:13м 3:28м! 4:37м 5:33м 6:24м! 7:36м
16:33:25.307  MOVE    бой фраза #709 (зерк.) 1.5 с | позиция вперёд +0.2 вбок +0.2
16:33:25.340  VISION  panel: found=True hp=26.9%  |  aim: found=True offset=(+34.5, -82.2)  |  bars=1 marked=1 lock=True enroute=False eng=True txt=289e870d/129
16:33:25.375  LIST    2:18м 3:28м! 4:36м 5:34м 6:26м! 7:34м
16:33:25.376  CHAIN   END 'Цепочка #2 (доигрываю) (доигрываю)': шла 2.6 с (минимум 1.8 с), хвостовая пауза 0.16 с
16:33:25.611  LIST    2:18м 3:28м! 4:38м 5:34м 6:27м! 7:33м
16:33:25.612  CHAIN   START 'Цепочка #2': 4 скилл(ов), не короче 3.6 с — до конца замок
16:33:25.612  ROTATION: цепочка 'Цепочка #2' кастуется, следующий повтор через 8.0с (диапазон 7.2-8.8с, независимо от других цепочек).
16:33:25.612  === COMBO START ['press_1'] ===
16:33:25.614  PRESS   1 (down, держим 139 мс)
16:33:25.769  PRESS   1 (up)
16:33:25.843  === COMBO END ===
16:33:25.876  LIST    2:16м 3:28м! 4:38м 5:38м 6:28м! 7:33м
16:33:26.108  LIST    2:11м 3:21м! 4:34м 5:30м 6:24м! 7:38м
16:33:26.343  LIST    1:11м 2:521м! 3:30м 4:34м 5:23м! 6:24м! 7:39м
16:33:26.448  VISION  panel: found=False (цели нет: нет чёрных линий рамки)  фаза=LIST  |  aim: found=False offset=(+0.0, +0.0)  |  bars=0 marked=0 lock=True enroute=False eng=True txt=-
16:33:26.591  LIST    1:10м 2:20м! 3:28м 4:34м 5:23м! 6:24м! 7:40м
16:33:26.781  MOVE    бой фраза #635 1.4 с | позиция вперёд +0.3 вбок -0.1
16:33:26.842  LIST    1:11м 2:19м! 3:28м 4:33м 5:24м! 6:28м! 7:40м
16:33:27.077  LIST    1:12м 2:19м! 3:30м 4:32м 5:26м! 6:26м! 7:39м
16:33:27.333  LIST    1:14м 2:19м! 3:31м 4:0м 5:28м! 6:27м! 7:38м
16:33:27.333  STATE   COMBAT -> SEARCH (панель отсутствовала 1.59с подряд, грейс-период 1.50с; последнее HP 0.0%, скорость 0.0 п.п./с, прогноз 0.0% -> УБИТА) -> cancel_pending_actions()
16:33:27.334  BBOX    событие 'lost_verdict' сохранено: 163304_004_lost_verdict
16:33:27.334  CHAIN   'Цепочка #2' снята обрывом (цель пропала), шла 1.7 с
16:33:27.335  MOVE    поиск фраза #877 (зерк.) 1.9 с | позиция вперёд +0.0 вбок +0.0
16:33:27.424  PHASE   TAB -> LIST (поиск: ближний в списке №4 (0 м))
16:33:27.424  LIST    -> №4 из [1:14м 2:19м! 3:31м 4:0м 5:28м! 6:27м! 7:38м], клик Alt+ПКМ
16:33:27.425  MOVE    поиск фраза #127 (зерк.) 1.3 с | позиция вперёд +0.0 вбок -0.0
16:33:27.450  NAV     якорь прогулки — здесь (-3, 20) px карты
16:33:27.536  VISION  panel: found=False (цели нет: нет чёрных линий рамки)  фаза=LIST  |  aim: found=True offset=(+115.5, -50.7)  |  bars=2 marked=0 lock=True enroute=False eng=False txt=-
16:33:27.639  CLICK   Alt+ПКМ по (91, 638)
16:33:27.656  CAMERA  заморожена (lock-on)
16:33:27.783  LIST    1:16м 2:20м! 3:33м 4:29м 5:31м! 6:29м! 7:36м
16:33:28.121  LIST    1:17м 2:20м! 3:34м 4:28м 5:33м! 6:30м!~ 7:38м
16:33:28.529  LIST    1:17м 2:21м! 3:34м 4:28м 5:33м! 6:30м!~ 7:38м
16:33:28.630  VISION  panel: found=False (цели нет: нет чёрных линий рамки)  фаза=LIST  |  aim: found=True offset=(+184.0, -41.2)  |  bars=6 marked=0 lock=True enroute=False eng=False txt=-
16:33:28.793  LIST    1:18м 2:20м! 3:34м 4:27м* 5:33м! 6:31м!~ 7:36м
16:33:28.793  LIST    выбран №4 (рамка на строке) -> бой
16:33:28.794  STATE   SEARCH -> COMBAT (панель нашла цель, фаза LIST, кликов подхода: 0)
16:33:28.794  ENGAGE  шлагбаум закрыт: жду первого падения HP (эталон текста: HpText(sig=6fdc5457, ink=167, 11x84), полоска 100.0%)
16:33:28.897  CAMERA  цель в кадре (стрелки) — веду плавно
16:33:28.996  CLICK   готово, Alt отпущен
16:33:29.009  CAMERA  разморожена
16:33:29.062  LIST    1:19м 2:19м! 3:34м 4:26м 5:34м! 6:32м!~ 7:36м
16:33:29.062  GATE    ротация ждёт первого упавшего HP цели (она ещё не в зоне удара)
16:33:29.062  CAMERA  цель в кадре (слежение) — веду плавно
16:33:29.155  CAMERA  упор на цель: жест -556 счётчиков (цель в -368 px, 0.64 px/сч)
16:33:29.156  MOVE    поворот камеры: жест #182 x-1.01 (-556 из -556 счётчиков)
16:33:29.300  LIST    1:20м 2:19м! 3:34м 4:24м* 5:38м! 6:34м!~ 7:36м
16:33:29.393  CAMERA  цель в кадре (стрелки) — веду плавно
16:33:29.566  LIST    1:22м 2:18м! 3:38м 4:23м* 5:36м! 6:36м!~ 7:37м
16:33:29.567  CAMERA  цель в кадре (слежение) — веду плавно
16:33:29.674  VISION  panel: found=True hp=100.0%  |  aim: found=True offset=(-93.0, -151.2)  |  bars=1 marked=1 lock=True enroute=False eng=False txt=6fdc5457/167
16:33:29.831  LIST    1:23м 2:17м! 3:38м 4:21м* 5:38м! 6:38м!~ 7:38м
16:33:29.831  NAV     масштаб карты: 0.62 px/м (замер 0.62, 5 замеров)
16:33:30.116  LIST    1:28м 2:17м! 3:38м 4:19м* 5:39м! 6:39м!~ 7:538м~
16:33:30.260  LIST    1:26м 2:16м! 3:36м 4:18м* 5:40м! 6:41м!~ 7:539м~
16:33:30.281  NAV     позиция (2, 25) px, до якоря 12 м, масштаб 0.62 px/м, 16.7 сч/°, курс 181° | карта читается (0.88)
16:33:30.513  LIST    1:27м 2:16м! 3:36м 4:16м* 5:41м! 6:42м!~ 7:540м~
16:33:30.664  LIST    1:28м 2:16м! 3:37м 4:16м* 5:42м! 6:43м!~ 7:540м~
16:33:30.664  ZOOM    колесо вниз x4 (следующая прокрутка через 9 с)
16:33:30.665  WHEEL   вниз x4 (камера отдаляется)
16:33:30.670  CAMERA  заморожена (lock-on)
16:33:30.760  VISION  panel: found=True hp=100.0%  |  aim: found=True offset=(-74.0, -117.7)  |  bars=1 marked=1 lock=True enroute=False eng=False txt=6fdc5457/167
16:33:30.898  LIST    1:30м 2:16м! 3:37м 4:14м* 5:43м! 6:48м!~ 7:541м~
16:33:30.898  NAV     масштаб карты: 0.62 px/м (замер 0.51, 6 замеров)
16:33:31.108  BBOX    событие 'panel_miss_beige' сохранено: 163304_005_panel_miss_beige
16:33:31.132  LIST    1:30м 2:16м! 3:37м 4:14м* 5:43м! 6:48м!~ 7:41м
16:33:31.133  ENGAGE  цель в зоне удара через 2.3 с после входа (текст HP изменился на 7 px) — открываю ротацию
16:33:31.308  CAMERA  разморожена
16:33:31.375  LIST    1:? 2:16м! 3:20м 4:39м 5:30м 6:37м
16:33:31.375  MOVE    бой фраза #145 1.1 с | позиция вперёд +0.0 вбок +0.0
16:33:31.649  LIST    1:14м* 2:16м! 3:20м 4:38м 5:31м 6:38м
16:33:31.764  VISION  panel: found=True hp=100.0%  |  aim: found=True offset=(-41.0, -108.2)  |  bars=1 marked=1 lock=True enroute=False eng=True txt=6fdc5457/167
16:33:31.765  CHAIN   RESUME 'Цепочка #2': доигрываю 3 скилл(ов), не нажатых до смерти цели
16:33:31.765  CHAIN   START 'Цепочка #2 (доигрываю)': 3 скилл(ов), не короче 2.7 с — до конца замок
16:33:31.765  === COMBO START ['press_2'] ===
16:33:31.766  PRESS   2 (down, держим 77 мс)
16:33:31.855  PRESS   2 (up)
16:33:31.901  === COMBO END ===
16:33:31.929  LIST    1:14м* 2:17м! 3:19м 4:38м 5:32м 6:38м
16:33:32.069  LIST    1:10м* 2:17м! 3:19м 4:38м 5:32м 6:38м
16:33:32.602  LIST    1:7м* 2:17м! 3:19м 4:38м 5:33м 6:38м
16:33:32.785  VISION  panel: found=True hp=59.7%  |  aim: found=False offset=(+0.0, +0.0)  |  bars=0 marked=0 lock=True enroute=False eng=True txt=79c98227/321
16:33:32.820  LIST    2:17м! 3:19м 4:38м 5:33м 6:38м
16:33:32.821  MOVE    бой фраза #805 1.2 с | позиция вперёд +0.0 вбок +0.0
16:33:32.839  === COMBO START ['press_3'] ===
16:33:32.841  PRESS   3 (down, держим 130 мс)
16:33:32.977  PRESS   3 (up)
16:33:33.038  === COMBO END ===
16:33:33.233  LIST    2:16м! 3:20м 4:39м 5:32м 6:37м
16:33:33.441  LIST    2:18м! 3:20м 4:39м 5:32м 6:36м
16:33:33.599  LIST    2:18м! 3:21м 4:40м 5:31м 6:36м
16:33:33.807  LIST    2:16м! 3:21м 4:40м 5:32м 6:37м
16:33:33.959  VISION  panel: found=False (цели нет: нет чёрных линий рамки)  фаза=LIST  |  aim: found=False offset=(+0.0, +0.0)  |  bars=0 marked=0 lock=True enroute=False eng=True txt=-
16:33:33.993  LIST    2:17м! 3:21м 4:39м 5:32м 6:38м
16:33:34.069  MOVE    бой фраза #810 (зерк.) 1.4 с | позиция вперёд -0.2 вбок -0.3
16:33:34.156  LIST    2:18м! 3:21м 4:39м 5:33м 6:39м
16:33:34.407  LIST    2:19м! 3:20м 4:37м 5:38м 6:41м
16:33:34.556  LIST    2:19м! 3:19м 4:36м 5:36м 6:41м
16:33:34.724  LIST    2:19м! 3:18м 4:36м 5:37м 6:42м
16:33:34.924  LIST    2:18м! 3:18м 4:36м 5:36м 6:41м
16:33:34.925  STATE   COMBAT -> SEARCH (панель отсутствовала 1.52с подряд, грейс-период 1.50с; последнее HP 0.0%, скорость 0.0 п.п./с, прогноз 0.0% -> УБИТА) -> cancel_pending_actions()
16:33:34.926  BBOX    событие 'lost_verdict' сохранено: 163304_006_lost_verdict
16:33:34.926  CHAIN   'Цепочка #2 (доигрываю)' снята обрывом (цель пропала), шла 3.1 с
16:33:34.928  MOVE    поиск фраза #942 (зерк.) 0.6 с | позиция вперёд +0.0 вбок +0.0
16:33:34.949  NAV     якорь прогулки — здесь (6, 26) px карты
16:33:35.064  VISION  panel: found=False (цели нет: нет чёрных линий рамки)  фаза=TAB  |  aim: found=True offset=(-93.0, -144.7)  |  bars=2 marked=0 lock=True enroute=False eng=False txt=-
16:33:35.108  LIST    2:18м! 3:18м 4:36м 5:36м 6:40м
16:33:35.112  PHASE   TAB -> LIST (поиск: ближний в списке №2 (18 м))
16:33:35.113  LIST    -> №2 из [2:18м! 3:18м 4:36м 5:36м 6:40м], клик Alt+ПКМ
16:33:35.113  MOVE    поиск фраза #870 0.5 с | позиция вперёд +0.0 вбок +0.0
16:33:35.238  CLICK   Alt+ПКМ по (101, 562)
16:33:35.251  CAMERA  заморожена (lock-on)
16:33:35.407  LIST    2:16м! 3:19м 4:38м 5:38м 6:38м
16:33:35.546  NAV     позиция (4, 27) px, до якоря 4 м, масштаб 0.62 px/м, 16.7 сч/°, курс 142° | карта читается (1.01)
16:33:35.652  MOVE    поиск фраза #967 (зерк.) 0.8 с | позиция вперёд +0.0 вбок +0.6
16:33:35.723  LIST    2:14м! 3:20м 4:39м 5:34м 6:36м
16:33:35.909  LIST    2:13м! 3:20м 4:40м 5:34м 6:38м
16:33:35.930  CLICK   перед кликом отпустил d
16:33:36.053  LIST    2:12м! 3:20м 4:40м 5:33м 6:34м
16:33:36.178  VISION  panel: found=True hp=100.0%  |  aim: found=True offset=(+470.0, +45.3)  |  bars=12 marked=1 lock=True enroute=False eng=False txt=bb575dc5/151
16:33:36.198  LIST    пусто
16:33:36.449  LIST    1:?*! 2:20м 3:34м 4:34м
16:33:36.500  CLICK   готово, Alt отпущен
16:33:36.514  CAMERA  разморожена
16:33:36.677  LIST    1:12м*! 2:21м 3:34м 4:34м
16:33:36.678  CAMERA  цель в кадре (номер 1) — веду плавно
16:33:36.678  LIST    выбран №2 (появилась панель) -> бой
16:33:36.683  STATE   SEARCH -> COMBAT (панель нашла цель, фаза LIST, кликов подхода: 0)
16:33:36.683  ENGAGE  шлагбаум закрыт: жду первого падения HP (эталон текста: HpText(sig=bb575dc5, ink=151, 11x84), полоска 100.0%)
16:33:36.783  CAMERA  цель в кадре (слежение) — веду плавно
16:33:36.953  GATE    ротация ждёт первого упавшего HP цели (она ещё не в зоне удара)
16:33:36.954  CAMERA  упор на цель: жест +735 счётчиков (цель в +446 px, 0.58 px/сч)
16:33:36.954  MOVE    поворот камеры: жест #93 x-1.00 (+735 из +735 счётчиков)
16:33:37.218  VISION  panel: found=True hp=75.6%  |  aim: found=True offset=(+401.5, +29.3)  |  bars=1 marked=1 lock=True enroute=False eng=False txt=1e1f68a6/269
16:33:37.253  ENGAGE  цель в зоне удара через 0.6 с после входа (текст HP изменился на 280 px) — открываю ротацию
16:33:37.406  CHAIN   RESUME 'Цепочка #2 (доигрываю)': доигрываю 1 скилл(ов), не нажатых до смерти цели
16:33:37.407  CHAIN   START 'Цепочка #2 (доигрываю) (доигрываю)': 1 скилл(ов), не короче 0.9 с — до конца замок
16:33:37.407  === COMBO START ['press_4'] ===
16:33:37.409  PRESS   4 (down, держим 128 мс)
16:33:37.516  CHAIN   WAIT: 'Цепочка #2' готова, но идёт 'Цепочка #2 (доигрываю) (доигрываю)' (0.1 с из минимум 0.9 с) — жду
16:33:37.545  PRESS   4 (up)
16:33:37.621  === COMBO END ===
16:33:37.657  LIST    2:21м 3:38м 4:34м
16:33:37.658  CAMERA  цель в кадре (стрелки) — веду плавно
16:33:37.659  MOVE    бой фраза #671 (зерк.) 0.8 с | позиция вперёд +0.0 вбок +0.0
16:33:38.216  VISION  panel: found=True hp=31.1%  |  aim: found=False offset=(+0.0, +0.0)  |  bars=0 marked=0 lock=True enroute=False eng=True txt=5cd15a2c/130
16:33:38.387  LIST    2:21м 3:36м 4:33м
16:33:38.438  MOVE    бой фраза #745 0.9 с | позиция вперёд +0.7 вбок +0.2
16:33:38.619  LIST    2:22м 3:36м 4:32м
16:33:38.857  LIST    2:21м 3:37м 4:32м
16:33:39.101  LIST    2:20м 3:38м 4:34м
16:33:39.280  VISION  panel: found=False (цели нет: нет чёрных линий рамки)  фаза=LIST  |  aim: found=False offset=(+0.0, +0.0)  |  bars=0 marked=0 lock=True enroute=False eng=True txt=-
16:33:39.301  LIST    2:19м 3:39м 4:38м
16:33:39.311  MOVE    бой фраза #251 1.8 с | позиция вперёд +0.6 вбок -0.4
16:33:39.520  LIST    2:19м 3:39м 4:36м
16:33:39.771  LIST    2:20м 3:38м 4:38м
16:33:40.035  LIST    2:22м 3:37м 4:33м
16:33:40.035  STATE   COMBAT -> SEARCH (панель отсутствовала 1.53с подряд, грейс-период 1.50с; последнее HP 0.0%, скорость 0.0 п.п./с, прогноз 0.0% -> УБИТА) -> cancel_pending_actions()
16:33:40.036  BBOX    событие 'lost_verdict' сохранено: 163304_007_lost_verdict
16:33:40.036  CHAIN   'Цепочка #2 (доигрываю) (доигрываю)' снята обрывом (цель пропала), шла 2.6 с
16:33:40.037  MOVE    поиск фраза #899 (зерк.) 0.9 с | позиция вперёд +0.0 вбок +0.0
16:33:40.151  LIST    кликнуть некого (пусто/чёрный список) — камеру не кручу, жду
16:33:40.168  NAV     якорь прогулки — здесь (1, 30) px карты
16:33:40.272  VISION  panel: found=False (цели нет: нет чёрных линий рамки)  фаза=TAB  |  aim: found=False offset=(+0.0, +0.0)  |  bars=0 marked=0 lock=False enroute=False eng=False txt=-
16:33:40.300  LIST    2:23м 3:36м 4:32м
16:33:40.300  PHASE   TAB -> LIST (поиск: ближний в списке №2 (23 м))
16:33:40.300  LIST    -> №2 из [2:23м 3:36м 4:32м], клик Alt+ПКМ
16:33:40.301  MOVE    поиск фраза #725 (зерк.) 1.0 с | позиция вперёд +0.0 вбок +0.0
16:33:40.393  CLICK   Alt+ПКМ по (97, 565)
16:33:40.417  CAMERA  заморожена (lock-on)
16:33:40.504  LIST    2:24м 3:36м 4:31м
16:33:40.614  NAV     позиция (0, 31) px, до якоря 2 м, масштаб 0.62 px/м, 16.7 сч/°, курс 187° | карта читается (0.93)
16:33:40.731  LIST    2:28м 3:38м 4:29м
16:33:40.968  LIST    2:26м 3:34м 4:29м
16:33:41.200  LIST    пусто
16:33:41.289  VISION  panel: found=False (цели нет: нет чёрных линий рамки)  фаза=LIST  |  aim: found=False offset=(+0.0, +0.0)  |  bars=0 marked=0 lock=False enroute=False eng=False txt=-
16:33:41.419  LIST    1:26м 2:29м 3:34м
16:33:41.589  CLICK   готово, Alt отпущен
16:33:41.590  CAMERA  разморожена
16:33:42.299  CAMERA  цели в кадре нет — осматриваюсь жестом на +89°
16:33:42.300  MOVE    поворот камеры: жест #54 x-0.99 (+1484 из +1484 счётчиков)
16:33:42.439  VISION  panel: found=False (цели нет: нет чёрных линий рамки)  фаза=LIST  |  aim: found=False offset=(+0.0, +0.0)  |  bars=0 marked=0 lock=False enroute=False eng=False txt=-
16:33:42.709  CAMERA  цель в кадре (номер 2) — веду плавно
16:33:42.715  PHASE   LIST -> TAB (клик по №2 не выбрал цель — в чёрный список на 8 с)
16:33:42.716  MOVE    поиск фраза #893 (зерк.) 1.9 с | позиция вперёд +0.0 вбок +0.0
16:33:42.852  PHASE   TAB -> LIST (поиск: ближний в списке №1 (26 м))
16:33:42.852  LIST    -> №1 из [1:26м 2:29м 3:34м], клик Alt+ПКМ
16:33:42.853  MOVE    поиск фраза #426 1.6 с | позиция вперёд +0.0 вбок +0.0
16:33:43.011  CLICK   Alt+ПКМ по (121, 530)
16:33:43.033  CAMERA  заморожена (lock-on)
16:33:43.132  LIST    1:27м 2:28м 3:33м
16:33:43.390  LIST    1:27м 2:28м 3:32м
16:33:43.534  VISION  panel: found=False (цели нет: нет чёрных линий рамки)  фаза=LIST  |  aim: found=True offset=(+177.0, +89.8)  |  bars=6 marked=0 lock=True enroute=False eng=False txt=-
16:33:43.951  BBOX    событие 'panel_miss_beige' сохранено: 163304_008_panel_miss_beige
16:33:44.112  LIST    1:26м* 2:29м 3:33м
16:33:44.217  CLICK   готово, Alt отпущен
16:33:44.247  CAMERA  разморожена
16:33:44.365  LIST    1:24м* 2:31м 3:38м
16:33:44.561  VISION  panel: found=False (цели нет: нет бежевой окантовки снизу)  фаза=LIST  |  aim: found=True offset=(+189.5, +87.3)  |  bars=8 marked=0 lock=True enroute=False eng=False txt=-
16:33:44.583  LIST    1:23м* 2:32м 3:36м
16:33:44.860  LIST    1:21м* 2:33м 3:37м
16:33:45.142  LIST    1:20м* 2:38м 3:39м
16:33:45.143  CAMERA  цели в кадре нет — осматриваюсь жестом на -73°
16:33:45.143  LIST    выбран №1 (рамка на строке) -> бой
16:33:45.144  MOVE    поворот камеры: жест #383 x-1.00 (-1225 из -1225 счётчиков)
16:33:45.164  STATE   SEARCH -> COMBAT (панель нашла цель, фаза LIST, кликов подхода: 0)
16:33:45.164  ENGAGE  шлагбаум закрыт: жду первого падения HP (эталон текста: HpText(sig=a365f664, ink=150, 11x84), полоска 100.0%)
16:33:45.282  LIST    1:19м* 2:36м 3:40м
16:33:45.282  ZOOM    колесо вниз x5 (следующая прокрутка через 10 с)
16:33:45.282  GATE    ротация ждёт первого упавшего HP цели (она ещё не в зоне удара)
16:33:45.283  WHEEL   вниз x5 (камера отдаляется)
16:33:45.283  CAMERA  цели в кадре нет — смотрю, куда бегу: поворот -111°
16:33:45.284  MOVE    поворот камеры: жест #363 x-1.00 (-1855 из -1855 счётчиков)
16:33:45.291  CAMERA  заморожена (lock-on)
16:33:45.579  VISION  panel: found=True hp=100.0%  |  aim: found=False offset=(+0.0, +0.0)  |  bars=0 marked=0 lock=True enroute=False eng=False txt=a365f664/150
16:33:45.781  NAV     позиция (5, 31) px, до якоря 6 м, масштаб 0.62 px/м, 16.7 сч/°, курс 187° | карта читается (0.92)
16:33:45.933  LIST    1:18м* 2:39м 3:43м
16:33:45.938  CAMERA  разморожена
16:33:46.098  LIST    1:14м* 2:40м 3:44м
16:33:46.222  CAMERA  цель в кадре (номер 1) — веду плавно
16:33:46.360  LIST    пусто
16:33:46.361  CAMERA  цель в кадре (слежение) — веду плавно
16:33:46.588  VISION  panel: found=True hp=100.0%  |  aim: found=True offset=(-52.0, -77.2)  |  bars=1 marked=1 lock=True enroute=False eng=False txt=a365f664/150
16:33:46.614  LIST    1:5м* 2:31м
16:33:46.614  NAV     масштаб карты: 0.51 px/м (замер 0.30, 7 замеров)
16:33:46.615  MOVE    бой фраза #394 (зерк.) 1.7 с | позиция вперёд +0.0 вбок +0.0
16:33:46.878  LIST    1:13м* 2:31м
16:33:47.130  LIST    1:12м* 2:30м
16:33:47.561  LIST    1:8м* 2:30м
16:33:47.675  VISION  panel: found=True hp=74.0%  |  aim: found=False offset=(+0.0, +0.0)  |  bars=0 marked=0 lock=True enroute=False eng=False txt=219d20a1/291
16:33:47.675  ENGAGE  цель в зоне удара через 2.6 с после входа (текст HP изменился на 313 px) — открываю ротацию
16:33:47.854  CHAIN   START 'Цепочка #2': 4 скилл(ов), не короче 3.6 с — до конца замок
16:33:47.855  ROTATION: цепочка 'Цепочка #2' кастуется, следующий повтор через 7.7с (диапазон 7.2-8.8с, независимо от других цепочек).
16:33:47.855  === COMBO START ['press_1'] ===
16:33:47.856  PRESS   1 (down, держим 67 мс)
16:33:47.937  PRESS   1 (up)
16:33:47.982  === COMBO END ===
16:33:48.141  LIST    1:7м* 2:30м
16:33:48.412  LIST    2:19м
16:33:48.413  MOVE    бой фраза #23 1.5 с | позиция вперёд +0.0 вбок +0.0
16:33:48.792  VISION  panel: found=False (цели нет: нет чёрных линий рамки)  фаза=LIST  |  aim: found=False offset=(+0.0, +0.0)  |  bars=0 marked=0 lock=True enroute=False eng=True txt=-
16:33:49.177  LIST    2:18м
16:33:49.855  VISION  panel: found=False (цели нет: нет чёрных линий рамки)  фаза=LIST  |  aim: found=False offset=(+0.0, +0.0)  |  bars=0 marked=0 lock=True enroute=False eng=True txt=-
16:33:49.878  LIST    2:17м
16:33:49.950  MOVE    бой фраза #766 (зерк.) 0.8 с | позиция вперёд +0.3 вбок -0.6
16:33:50.127  LIST    2:16м
16:33:50.236  STATE   COMBAT -> SEARCH (панель отсутствовала 1.58с подряд, грейс-период 1.50с; последнее HP 0.0%, скорость 0.0 п.п./с, прогноз 0.0% -> УБИТА) -> cancel_pending_actions()
16:33:50.236  BBOX    событие 'lost_verdict' сохранено: 163304_009_lost_verdict
16:33:50.236  CHAIN   'Цепочка #2' снята обрывом (цель пропала), шла 2.4 с
16:33:50.237  MOVE    поиск фраза #679 (зерк.) 0.8 с | позиция вперёд +0.0 вбок +0.0
16:33:50.385  LIST    2:18м
16:33:50.401  NAV     якорь прогулки — здесь (16, 34) px карты
16:33:50.588  LIST    2:14м
16:33:50.698  PHASE   TAB -> LIST (поиск: ближний в списке №2 (14 м))
16:33:50.698  LIST    -> №2 из [2:14м], клик Alt+ПКМ
16:33:50.699  MOVE    поиск фраза #978 0.7 с | позиция вперёд +0.0 вбок -0.0
16:33:50.887  VISION  panel: found=False (цели нет: нет чёрных линий рамки)  фаза=LIST  |  aim: found=True offset=(-177.0, -79.2)  |  bars=4 marked=0 lock=True enroute=False eng=False txt=-
16:33:50.888  CLICK   Alt+ПКМ по (129, 567)
16:33:50.904  CAMERA  заморожена (lock-on)
16:33:50.914  NAV     позиция (16, 34) px, до якоря 1 м, масштаб 0.51 px/м, 16.7 сч/°, курс 187° | карта читается (0.97)
16:33:51.324  LIST    пусто
16:33:51.369  MOVE    поиск фраза #651 0.8 с | позиция вперёд +0.0 вбок -0.6
16:33:51.543  LIST    1:13м
16:33:51.994  VISION  panel: found=False (цели нет: нет чёрных линий рамки)  фаза=LIST  |  aim: found=True offset=(-106.0, -85.2)  |  bars=5 marked=0 lock=True enroute=False eng=False txt=-
16:33:52.027  CLICK   готово, Alt отпущен
16:33:52.041  CAMERA  разморожена
16:33:52.312  LIST    1:14м
16:33:52.836  CAMERA  цели в кадре нет — осматриваюсь жестом на +93°
16:33:52.837  MOVE    поворот камеры: жест #143 x-0.98 (+1545 из +1545 счётчиков)
16:33:53.070  VISION  panel: found=False (цели нет: нет чёрных линий рамки)  фаза=LIST  |  aim: found=True offset=(-129.0, -82.2)  |  bars=4 marked=0 lock=True enroute=False eng=False txt=-
16:33:53.305  PHASE   LIST -> TAB (клик по №2 не выбрал цель — в чёрный список на 8 с)
16:33:53.306  MOVE    поиск фраза #565 0.8 с | позиция вперёд +0.0 вбок +0.0
16:33:53.484  LIST    1:18м
16:33:53.484  PHASE   TAB -> LIST (поиск: ближний в списке №1 (18 м))
16:33:53.485  LIST    -> №1 из [1:18м], клик Alt+ПКМ
16:33:53.485  MOVE    поиск фраза #972 1.2 с | позиция вперёд +0.0 вбок +0.0
16:33:53.696  CLICK   Alt+ПКМ по (120, 529)
16:33:53.701  CAMERA  заморожена (lock-on)
16:33:53.990  LIST    1:16м
16:33:54.095  VISION  panel: found=False (цели нет: нет чёрных линий рамки)  фаза=LIST  |  aim: found=True offset=(-384.5, -108.7)  |  bars=3 marked=0 lock=True enroute=False eng=False txt=-
16:33:54.278  LIST    1:17м
16:33:54.464  LIST    1:118м
16:33:54.638  LIST    1:18м
16:33:54.832  LIST    1:18м*
16:33:54.953  LIST    выбран №1 (рамка на строке) -> бой
16:33:54.955  STATE   SEARCH -> COMBAT (панель нашла цель, фаза LIST, кликов подхода: 0)
16:33:54.955  ENGAGE  шлагбаум закрыт: жду первого падения HP (эталон текста: HpText(sig=6fdc5457, ink=167, 11x84), полоска 100.0%)
16:33:55.109  VISION  panel: found=True hp=100.0%  |  aim: found=False offset=(+0.0, +0.0)  |  bars=0 marked=0 lock=True enroute=False eng=False txt=6fdc5457/167
16:33:55.116  CLICK   готово, Alt отпущен
16:33:55.117  CAMERA  разморожена
16:33:55.135  LIST    1:16м
16:33:55.136  GATE    ротация ждёт первого упавшего HP цели (она ещё не в зоне удара)
16:33:55.254  ZOOM    колесо вниз x6 (следующая прокрутка через 9 с)
16:33:55.254  WHEEL   вниз x6 (камера отдаляется)
16:33:55.270  CAMERA  заморожена (lock-on)
16:33:55.379  LIST    1:18м*
16:33:55.502  CAMERA  цели в кадре нет — смотрю, куда бегу: поворот -52°
16:33:55.503  MOVE    поворот камеры: жест #314 x0.99 (-868 из -868 счётчиков)
16:33:55.646  LIST    1:13м*
16:33:55.892  LIST    1:12м*
16:33:55.892  NAV     масштаб карты: 0.51 px/м (замер 0.34, 8 замеров)
16:33:55.923  NAV     позиция (18, 35) px, до якоря 5 м, масштаб 0.51 px/м, 16.7 сч/°, курс 187° | карта читается (0.91)
16:33:56.040  CAMERA  разморожена
16:33:56.147  VISION  panel: found=True hp=100.0%  |  aim: found=False offset=(+0.0, +0.0)  |  bars=0 marked=0 lock=True enroute=False eng=False txt=6fdc5457/167
16:33:56.384  CAMERA  цель в кадре (номер 1) — веду плавно
16:33:56.954  LIST    1:8м*
16:33:57.153  ENGAGE  цель в зоне удара через 2.2 с после входа (текст HP изменился на 50 px) — открываю ротацию
16:33:57.252  VISION  panel: found=True hp=79.8%  |  aim: found=False offset=(+0.0, +0.0)  |  bars=0 marked=0 lock=True enroute=False eng=True txt=bd36d3fe/234
16:33:57.489  CHAIN   RESUME 'Цепочка #2': доигрываю 3 скилл(ов), не нажатых до смерти цели
16:33:57.489  CHAIN   START 'Цепочка #2 (доигрываю)': 3 скилл(ов), не короче 2.7 с — до конца замок
16:33:57.489  === COMBO START ['press_2'] ===
16:33:57.491  PRESS   2 (down, держим 113 мс)
16:33:57.607  PRESS   2 (up)
16:33:57.652  === COMBO END ===
16:33:57.658  LIST    1:7м*
16:33:57.658  CHAIN   WAIT: 'Цепочка #2' готова, но идёт 'Цепочка #2 (доигрываю)' (0.1 с из минимум 2.7 с) — жду
16:33:57.893  LIST    пусто
16:33:57.894  MOVE    бой фраза #723 (зерк.) 0.5 с | позиция вперёд +0.0 вбок +0.0
16:33:58.360  VISION  panel: found=True hp=49.6%  |  aim: found=False offset=(+0.0, +0.0)  |  bars=0 marked=0 lock=True enroute=False eng=True txt=8a03df4d/145
16:33:58.437  MOVE    бой фраза #124 (зерк.) 1.7 с | позиция вперёд +0.1 вбок +0.4
16:33:59.374  VISION  panel: found=False (цели нет: нет чёрных линий рамки)  фаза=LIST  |  aim: found=False offset=(+0.0, +0.0)  |  bars=0 marked=0 lock=True enroute=False eng=True txt=-
16:34:00.154  STATE   COMBAT -> SEARCH (панель отсутствовала 1.56с подряд, грейс-период 1.50с; последнее HP 0.0%, скорость 0.0 п.п./с, прогноз 0.0% -> УБИТА) -> cancel_pending_actions()
16:34:00.155  BBOX    событие 'lost_verdict' сохранено: 163304_010_lost_verdict
16:34:00.156  CHAIN   'Цепочка #2 (доигрываю)' снята обрывом (цель пропала), шла 2.6 с
16:34:00.156  MOVE    поиск фраза #434 (зерк.) 1.8 с | позиция вперёд +0.0 вбок +0.0
16:34:00.174  NAV     якорь прогулки — здесь (19, 37) px карты
16:34:00.453  VISION  panel: found=False (цели нет: нет чёрных линий рамки)  фаза=TAB  |  aim: found=False offset=(+0.0, +0.0)  |  bars=0 marked=0 lock=False enroute=False eng=False txt=-
16:34:01.068  NAV     позиция (20, 39) px, до якоря 4 м, масштаб 0.51 px/м, 16.7 сч/°, курс 113° | карта читается (0.83)
16:34:01.501  VISION  panel: found=False (цели нет: нет чёрных линий рамки)  фаза=TAB  |  aim: found=False offset=(+0.0, +0.0)  |  bars=0 marked=0 lock=False enroute=False eng=False txt=-
16:34:02.004  MOVE    поиск фраза #826 (зерк.) 1.1 с | позиция вперёд +0.8 вбок +0.5
16:34:02.299  PHASE   TAB -> ROAM (в списке никого 2 с — иду искать)
16:34:02.299  ROAM    прогулка: точка (13, 51), до неё 26 м | позиция (22, 41) px, до якоря 9 м, масштаб 0.51 px/м, 16.7 сч/°, курс 96°
16:34:02.300  MOVE    прогулка фраза #135 (зерк.) 2.9 с | позиция вперёд -0.0 вбок +0.0
16:34:02.524  VISION  panel: found=False (цели нет: нет чёрных линий рамки)  фаза=ROAM  |  aim: found=False offset=(+0.0, +0.0)  |  bars=0 marked=0 lock=False enroute=False eng=False txt=-
16:34:03.566  VISION  panel: found=False (цели нет: нет чёрных линий рамки)  фаза=ROAM  |  aim: found=False offset=(+0.0, +0.0)  |  bars=0 marked=0 lock=False enroute=False eng=False txt=-
16:34:04.238  ROAM    курс 97°, до точки 25 м — поворот +2117 счётчиков
16:34:04.239  MOVE    поворот камеры: жест #317 x-0.99 (+2117 из +2117 счётчиков)
16:34:04.592  VISION  panel: found=False (цели нет: нет чёрных линий рамки)  фаза=ROAM  |  aim: found=False offset=(+0.0, +0.0)  |  bars=0 marked=0 lock=False enroute=False eng=False txt=-
16:34:04.727  ZOOM    колесо вниз x4 (следующая прокрутка через 10 с)
16:34:04.728  WHEEL   вниз x4 (камера отдаляется)
16:34:04.755  CAMERA  заморожена (lock-on)
16:34:05.186  MOVE    прогулка фраза #411 2.2 с | позиция вперёд +1.0 вбок +0.7
16:34:05.340  CAMERA  разморожена
16:34:05.587  VISION  panel: found=False (цели нет: нет чёрных линий рамки)  фаза=ROAM  |  aim: found=False offset=(+0.0, +0.0)  |  bars=0 marked=0 lock=False enroute=False eng=False txt=-
16:34:06.089  NAV     позиция (19, 47) px, до якоря 19 м, масштаб 0.51 px/м, 16.7 сч/°, курс 97° | карта читается (0.86)
16:34:06.666  VISION  panel: found=False (цели нет: нет чёрных линий рамки)  фаза=ROAM  |  aim: found=True offset=(-11.0, +9.8)  |  bars=6 marked=0 lock=True enroute=False eng=False txt=-
16:34:07.431  MOVE    прогулка фраза #824 0.9 с | позиция вперёд +2.7 вбок +0.8
16:34:07.661  VISION  panel: found=False (цели нет: нет чёрных линий рамки)  фаза=ROAM  |  aim: found=True offset=(+8.0, +15.8)  |  bars=7 marked=0 lock=True enroute=False eng=False txt=-
16:34:08.339  MOVE    прогулка фраза #417 (зерк.) 1.9 с | позиция вперёд +3.3 вбок +0.8
16:34:08.750  VISION  panel: found=False (цели нет: нет чёрных линий рамки)  фаза=ROAM  |  aim: found=False offset=(+0.0, +0.0)  |  bars=1 marked=0 lock=True enroute=False eng=False txt=-
16:34:09.359  NAV     поворот: просил +2117 счётчиков, курс +124° -> 17.1 сч/° (итог 16.9)
16:34:09.451  ROAM    курс 221°, до точки 7 м — поворот +1081 счётчиков
16:34:09.452  MOVE    поворот камеры: жест #327 x-1.00 (+1081 из +1081 счётчиков)
16:34:09.801  VISION  panel: found=False (цели нет: нет чёрных линий рамки)  фаза=ROAM  |  aim: found=False offset=(+0.0, +0.0)  |  bars=0 marked=0 lock=True enroute=False eng=False txt=-
16:34:10.251  MOVE    прогулка фраза #988 1.7 с | позиция вперёд +4.5 вбок +0.6
16:34:10.849  VISION  panel: found=False (цели нет: нет чёрных линий рамки)  фаза=ROAM  |  aim: found=False offset=(+0.0, +0.0)  |  bars=0 marked=0 lock=False enroute=False eng=False txt=-
16:34:11.036  ROAM    курс 245°, до точки 8 м — поворот +2173 счётчиков
16:34:11.038  MOVE    поворот камеры: жест #306 x-1.02 (+2173 из +2173 счётчиков)
16:34:11.360  NAV     позиция (10, 55) px, до якоря 38 м, масштаб 0.51 px/м, 16.9 сч/°, курс 245° | карта читается (0.77)
16:34:11.882  VISION  panel: found=False (цели нет: нет чёрных линий рамки)  фаза=ROAM  |  aim: found=False offset=(+0.0, +0.0)  |  bars=0 marked=0 lock=True enroute=False eng=False txt=-
16:34:11.939  MOVE    прогулка фраза #41 2.4 с | позиция вперёд +5.2 вбок +0.8
16:34:12.540  ROAM    дошёл — новая точка (12, 40), 23 м
16:34:13.000  VISION  panel: found=False (цели нет: нет чёрных линий рамки)  фаза=ROAM  |  aim: found=False offset=(+0.0, +0.0)  |  bars=0 marked=0 lock=True enroute=False eng=False txt=-
16:34:13.020  NAV     поворот: просил +2173 счётчиков, курс +125° -> 17.4 сч/° (итог 17.1)
16:34:13.119  ROAM    курс 12°, до точки 21 м — поворот -345 счётчиков
16:34:13.120  MOVE    поворот камеры: жест #34 x-1.00 (-345 из -345 счётчиков)
16:34:14.120  VISION  panel: found=False (цели нет: нет чёрных линий рамки)  фаза=ROAM  |  aim: found=False offset=(+0.0, +0.0)  |  bars=0 marked=0 lock=True enroute=False eng=False txt=-
16:34:14.351  MOVE    прогулка фраза #591 (зерк.) 1.8 с | позиция вперёд +5.7 вбок +0.7
16:34:14.945  ZOOM    колесо вниз x4 (следующая прокрутка через 10 с)
16:34:14.946  WHEEL   вниз x4 (камера отдаляется)
16:34:14.964  CAMERA  заморожена (lock-on)
16:34:15.054  ROAM    курс 351°, до точки 10 м — поворот +450 счётчиков
16:34:15.055  MOVE    поворот камеры: жест #39 x-1.01 (+450 из +450 счётчиков)
16:34:15.145  VISION  panel: found=False (цели нет: нет чёрных линий рамки)  фаза=ROAM  |  aim: found=False offset=(+0.0, +0.0)  |  bars=0 marked=0 lock=False enroute=False eng=False txt=-
16:34:15.518  CAMERA  разморожена
16:34:16.167  MOVE    прогулка фраза #643 (зерк.) 2.0 с | позиция вперёд +6.2 вбок +0.7
16:34:16.205  VISION  panel: found=False (цели нет: нет чёрных линий рамки)  фаза=ROAM  |  aim: found=False offset=(+0.0, +0.0)  |  bars=0 marked=0 lock=False enroute=False eng=False txt=-
16:34:16.220  ROAM    дошёл — новая точка (17, 30), 26 м
16:34:16.422  NAV     позиция (11, 41) px, до якоря 17 м, масштаб 0.51 px/м, 17.1 сч/°, курс 351° | карта читается (0.89)
16:34:16.604  LIST    1:37м
16:34:16.606  PHASE   ROAM -> LIST (прогулка: ближний в списке №1 (37 м))
16:34:16.606  LIST    -> №1 из [1:37м], клик Alt+ПКМ
16:34:16.607  MOVE    поиск фраза #362 (зерк.) 1.7 с | позиция вперёд +0.0 вбок +0.0
16:34:16.723  CLICK   Alt+ПКМ по (90, 528)
16:34:16.724  CLICK   стрейф A, пока веду мышь к цели
16:34:16.747  CAMERA  заморожена (lock-on)
16:34:17.227  VISION  panel: found=False (цели нет: нет чёрных линий рамки)  фаза=LIST  |  aim: found=False offset=(+0.0, +0.0)  |  bars=0 marked=0 lock=False enroute=False eng=False txt=-
16:34:17.250  LIST    1:38м
16:34:17.324  CLICK   перед кликом отпустил a+d
16:34:17.446  LIST    1:39м
16:34:17.650  BBOX    событие 'panel_miss_beige' сохранено: 163304_011_panel_miss_beige
16:34:17.678  LIST    1:38м*
16:34:17.891  LIST    1:37м
16:34:17.901  CLICK   готово, Alt отпущен
16:34:17.916  CAMERA  разморожена
16:34:18.111  LIST    1:36м*
16:34:18.240  VISION  panel: found=False (цели нет: нет бежевой окантовки снизу)  фаза=LIST  |  aim: found=False offset=(+0.0, +0.0)  |  bars=0 marked=0 lock=False enroute=False eng=False txt=-
16:34:18.271  LIST    1:38м*
16:34:18.354  LIST    выбран №1 (рамка на строке) -> бой
16:34:18.354  STATE   SEARCH -> COMBAT (панель нашла цель, фаза LIST, кликов подхода: 0)
16:34:18.355  ENGAGE  шлагбаум закрыт: жду первого падения HP (эталон текста: HpText(sig=6fdc5457, ink=167, 11x84), полоска 100.0%)
16:34:18.552  LIST    1:33м*
16:34:18.552  GATE    ротация ждёт первого упавшего HP цели (она ещё не в зоне удара)
16:34:18.552  CAMERA  цели в кадре нет — смотрю, куда бегу: поворот -105°
16:34:18.553  MOVE    поворот камеры: жест #398 x-0.98 (-1803 из -1803 счётчиков)
16:34:18.799  LIST    1:32м*
16:34:18.949  LIST    1:31м*
16:34:19.175  LIST    1:29м*
16:34:19.180  CAMERA  цель в кадре (номер 1) — веду плавно
16:34:19.281  VISION  panel: found=True hp=100.0%  |  aim: found=True offset=(+229.0, +70.8)  |  bars=1 marked=1 lock=True enroute=False eng=False txt=6fdc5457/167
16:34:19.281  CAMERA  цель в кадре (слежение) — веду плавно
16:34:19.423  LIST    1:28м*
16:34:19.645  BBOX    событие 'panel_miss_beige' сохранено: 163304_012_panel_miss_beige
16:34:19.661  LIST    1:26м*
16:34:19.898  LIST    1:24м*
16:34:20.139  LIST    1:23м*
16:34:20.345  VISION  panel: found=False (цели нет: нет бежевой окантовки снизу)  фаза=LIST  |  aim: found=True offset=(+163.0, +70.8)  |  bars=1 marked=1 lock=True enroute=False eng=False txt=-
16:34:20.367  LIST    1:22м*
16:34:20.455  ENGAGE  шлагбаум закрыт: жду первого падения HP (эталон текста: HpText(sig=00c6b3fd, ink=164, 11x84), полоска 100.0%)
16:34:20.455  BBOX    событие 'swap_relock' сохранено: 163304_013_swap_relock
16:34:20.455  RELOCK  игра выбрала №1 (22 м, панель пропадала 0.94с и вернулась) — кликаю её в списке: бегу к ней и бью
16:34:20.579  LIST    1:20м*
16:34:20.579  GATE    ротация ждёт первого упавшего HP цели (она ещё не в зоне удара)
16:34:20.580  NAV     масштаб карты: 0.51 px/м (замер 0.62, 9 замеров)
16:34:20.667  ENGAGE  цель в зоне удара через 0.2 с после входа (текст HP изменился на 3 px) — открываю ротацию
16:34:20.667  CLICK   Alt+ПКМ по (121, 532)
16:34:20.668  CLICK   стрейф A, пока веду мышь к цели
16:34:20.684  CAMERA  заморожена (lock-on)
16:34:20.785  LIST    1:19м*
16:34:21.288  CAMERA  упор на цель: жест +426 счётчиков (цель в +228 px, 0.51 px/сч)
16:34:21.289  MOVE    поворот камеры: жест #83 x0.99 (+426 из +426 счётчиков)
16:34:21.364  VISION  panel: found=True hp=100.0%  |  aim: found=True offset=(+237.0, +78.8)  |  bars=1 marked=1 lock=True enroute=False eng=True txt=6fdc5457/167
16:34:21.388  LIST    3:55м~
16:34:21.389  MOVE    бой фраза #720 (зерк.) 0.7 с | позиция вперёд +0.0 вбок +0.0
16:34:21.416  CLICK   перед кликом отпустил a
16:34:21.615  LIST    1:20м 2:23м! 3:31м 4:31м 5:33м 6:36м 7:37м
16:34:21.632  NAV     позиция (1, 43) px, до якоря 36 м, масштаб 0.51 px/м, 17.1 сч/°, курс 351° | карта читается (0.82)
16:34:21.894  LIST    1:18м 2:22м! 3:30м 4:31м 5:32м 6:38м 7:36м
16:34:21.976  CLICK   готово, Alt отпущен
16:34:22.007  CAMERA  разморожена
16:34:22.049  LIST    1:18м* 2:21м! 3:29м 4:30м 5:31м 6:34м 7:38м
16:34:22.049  CHAIN   заморозку 'Цепочка #2 (доигрываю)' забываю: прошло 22 с
16:34:22.049  CHAIN   START 'Цепочка #2': 4 скилл(ов), не короче 3.6 с — до конца замок
16:34:22.050  === COMBO START ['press_1'] ===
16:34:22.050  ROTATION: цепочка 'Цепочка #2' кастуется, следующий повтор через 8.0с (диапазон 7.2-8.8с, независимо от других цепочек).
16:34:22.050  PRESS   1 (down, держим 84 мс)
16:34:22.146  PRESS   1 (up)
16:34:22.164  CAMERA  цель в кадре (стрелки) — веду плавно
16:34:22.190  === COMBO END ===
16:34:22.303  LIST    1:17м* 2:20м! 3:28м 4:29м 5:30м 6:34м 7:34м
16:34:22.304  CAMERA  цель в кадре (слежение) — веду плавно
16:34:22.393  VISION  panel: found=True hp=100.0%  |  aim: found=True offset=(+127.0, +77.8)  |  bars=1 marked=1 lock=True enroute=False eng=True txt=6fdc5457/167
16:34:22.506  LIST    1:16м* 2:20м! 3:27м 4:29м 5:28м 6:33м 7:33м
16:34:22.730  LIST    1:18м* 2:19м! 3:26м 4:29м 5:27м 6:33м 7:32м
16:34:22.974  LIST    1:13м* 2:19м! 3:28м 4:29м 5:28м 6:32м 7:31м
16:34:23.243  LIST    1:12м* 2:19м! 3:24м 4:29м 5:24м 6:32м 7:29м
16:34:23.243  CHAIN   END 'Цепочка #2': шла 1.2 с (минимум 1.1 с), хвостовая пауза 0.36 с
16:34:23.243  REENGAGE моб в 12 м, урона нет — цель №1 в 12 м, кликаю её в списке: подбегаю и бью
16:34:23.243  CLICK   Alt+ПКМ по (103, 529)
16:34:23.245  CLICK   стрейф A, пока веду мышь к цели
16:34:23.267  CAMERA  заморожена (lock-on)
16:34:23.451  VISION  panel: found=True hp=100.0%  |  aim: found=True offset=(+93.0, +74.8)  |  bars=1 marked=1 lock=True enroute=False eng=True txt=6fdc5457/167
16:34:23.687  LIST    2:23м! 3:17м 4:32м 5:9м 6:33м 7:14м
16:34:23.688  MOVE    бой фраза #981 1.4 с | позиция вперёд +0.0 вбок +0.0
16:34:24.079  LIST    2:22м! 3:16м 4:31м 5:9м 6:32м 7:14м
16:34:24.118  CLICK   перед кликом отпустил a
16:34:24.237  LIST    2:21м! 3:18м 4:30м 5:8м 6:31м 7:14м
16:34:24.460  VISION  panel: found=False (цели нет: нет чёрных линий рамки)  фаза=LIST  |  aim: found=False offset=(+0.0, +0.0)  |  bars=0 marked=0 lock=True enroute=False eng=True txt=-
16:34:24.697  CLICK   готово, Alt отпущен
16:34:24.712  CAMERA  разморожена
16:34:24.717  LIST    1:2м! 2:21м! 3:18м 4:30м 5:8м 6:30м 7:14м
16:34:24.925  LIST    2:21м! 3:14м 4:30м 5:6м 6:30м 7:13м
16:34:25.143  MOVE    бой фраза #725 0.9 с | позиция вперёд +0.5 вбок -0.1
16:34:25.145  LIST    2:22м! 3:14м 4:31м 5:8м 6:31м 7:12м
16:34:25.388  LIST    2:22м! 3:13м 4:30м 5:4м 6:30м 7:11м
16:34:25.492  VISION  panel: found=False (цели нет: нет чёрных линий рамки)  фаза=LIST  |  aim: found=False offset=(+0.0, +0.0)  |  bars=0 marked=0 lock=True enroute=False eng=True txt=-
16:34:25.493  STATE   COMBAT -> SEARCH (панель отсутствовала 1.55с подряд, грейс-период 1.50с; последнее HP 0.0%, скорость 0.0 п.п./с, прогноз 0.0% -> УБИТА) -> cancel_pending_actions()
16:34:25.493  BBOX    событие 'lost_verdict' сохранено: 163304_014_lost_verdict
16:34:25.494  MOVE    поиск фраза #859 0.9 с | позиция вперёд -0.0 вбок -0.0
16:34:25.509  NAV     якорь прогулки — здесь (-14, 41) px карты
16:34:25.646  LIST    2:21м! 3:11м 4:29м 5:3м 6:29м 7:12м
16:34:25.647  PHASE   TAB -> LIST (поиск: ближний в списке №5 (3 м))
16:34:25.647  LIST    -> №5 из [2:21м! 3:11м 4:29м 5:3м 6:29м 7:12м], клик Alt+ПКМ
16:34:25.648  MOVE    поиск фраза #754 1.7 с | позиция вперёд -0.0 вбок +0.0
16:34:25.848  CLICK   Alt+ПКМ по (320, 531)
16:34:25.850  CAMERA  заморожена (lock-on)
16:34:25.984  LIST    2:20м! 3:11м 4:29м 5:3м 6:29м 7:12м
16:34:26.159  LIST    2:21м! 3:12м 4:30м 5:3м 6:29м 7:12м
16:34:26.322  LIST    2:2м! 3:13м 4:30м 5:3м 6:30м 7:11м
16:34:26.476  LIST    3:13м 4:31м 5:55м 7:35м 8:31м
16:34:26.580  VISION  panel: found=False (цели нет: нет чёрных линий рамки)  фаза=LIST  |  aim: found=True offset=(+38.0, -9.7)  |  bars=20 marked=0 lock=True enroute=False eng=False txt=-
16:34:26.727  LIST    1:3м 2:11м 3:13м 4:31м 5:33м* 6:22м! 7:30м 8:31м
16:34:26.846  NAV     позиция (-14, 41) px, до якоря 1 м, масштаб 0.51 px/м, 17.1 сч/°, курс 351° | карта читается (1.05)
16:34:26.974  LIST    1:2м 2:11м 3:12м 4:30м 5:32м* 6:21м! 7:28м 8:30м
16:34:26.975  LIST    выбран №5 (рамка на строке) -> бой
16:34:26.975  STATE   SEARCH -> COMBAT (панель нашла цель, фаза LIST, кликов подхода: 0)
16:34:26.975  ENGAGE  шлагбаум закрыт: жду первого падения HP (эталон текста: HpText(sig=6fdc5457, ink=167, 11x84), полоска 100.0%)
16:34:27.065  CLICK   готово, Alt отпущен
16:34:27.080  CAMERA  разморожена
16:34:27.229  LIST    1:1м 2:11м 3:10м 4:29м 5:30м* 6:21м! 7:27м 8:29м
16:34:27.229  ZOOM    колесо вниз x4 (следующая прокрутка через 11 с)
16:34:27.229  GATE    ротация ждёт первого упавшего HP цели (она ещё не в зоне удара)
16:34:27.229  WHEEL   вниз x4 (камера отдаляется)
16:34:27.234  CAMERA  заморожена (lock-on)
16:34:27.475  LIST    1:2м 2:12м 3:9м 4:27м 5:29м* 6:20м! 7:28м 8:28м
16:34:27.476  CAMERA  цели в кадре нет — смотрю, куда бегу: поворот -60°
16:34:27.477  MOVE    поворот камеры: жест #405 x-1.00 (-1032 из -1032 счётчиков)
16:34:27.583  VISION  panel: found=True hp=100.0%  |  aim: found=False offset=(+0.0, +0.0)  |  bars=0 marked=0 lock=True enroute=False eng=False txt=6fdc5457/167
16:34:27.697  CAMERA  разморожена
16:34:27.744  LIST    1:3м 2:12м 3:7м 4:26м 5:27м* 6:19м! 7:24м 8:27м
16:34:27.854  CAMERA  цель в кадре (номер 5) — веду плавно
16:34:28.010  LIST    1:8м 2:13м 3:6м 4:28м 5:28м* 6:19м! 7:23м 8:26м
16:34:28.265  LIST    1:6м 2:14м 3:8м 4:24м 5:24м* 6:19м! 7:22м 8:26м
16:34:28.266  NAV     масштаб карты: 0.62 px/м (замер 0.63, 9 замеров)
16:34:28.522  LIST    1:8м 2:18м 3:4м 4:23м 5:22м* 6:19м! 7:21м 8:28м
16:34:28.619  VISION  panel: found=True hp=100.0%  |  aim: found=False offset=(+0.0, +0.0)  |  bars=0 marked=0 lock=True enroute=False eng=False txt=6fdc5457/167
16:34:28.641  LIST    1:9м 2:16м 3:3м 4:22м 5:21м* 6:19м! 7:20м 8:28м
16:34:28.757  CAMERA  цель в кадре (стрелки) — веду плавно
16:34:28.757  CAMERA  упор на цель: жест -493 счётчиков (цель в -270 px, 0.47 px/сч)
16:34:28.758  MOVE    поворот камеры: жест #412 x-1.00 (-493 из -493 счётчиков)
16:34:28.877  LIST    1:50м 2:17м 3:3м 4:21м 5:29м* 6:19м! 7:19м 8:28м
16:34:28.877  CAMERA  цель в кадре (слежение) — веду плавно
16:34:29.115  LIST    1:13м 2:18м 3:3м 4:20м 5:18м* 6:19м! 7:19м 8:28м
16:34:29.359  LIST    1:14м 2:19м 3:4м 4:19м 5:16м* 6:19м! 7:18м 8:28м
16:34:29.514  LIST    1:18м 2:20м 3:8м 4:19м 5:16м* 6:20м! 7:18м 8:28м
16:34:29.731  VISION  panel: found=True hp=100.0%  |  aim: found=True offset=(-47.0, +12.8)  |  bars=1 marked=1 lock=True enroute=False eng=False txt=6fdc5457/167
16:34:29.764  LIST    1:17м 2:21м 3:6м 4:18м 5:14м* 6:20м! 7:17м 8:28м
16:34:29.857  CAMERA  упор на цель: жест -392 счётчиков (цель в -198 px, 0.44 px/сч)
16:34:29.857  MOVE    поворот камеры: жест #271 x-0.98 (-392 из -392 счётчиков)
16:34:30.227  LIST    1:17м 2:21м 3:6м 4:18м 5:14м* 6:20м! 7:17м 8:26м
16:34:30.560  CAMERA  упор на цель: жест -648 счётчиков (цель в -288 px, 0.44 px/сч)
16:34:30.560  MOVE    поворот камеры: жест #424 x0.99 (-648 из -648 счётчиков)
16:34:30.820  VISION  panel: found=True hp=100.0%  |  aim: found=True offset=(+323.0, +25.8)  |  bars=1 marked=1 lock=True enroute=False eng=False txt=de477275/147
16:34:31.007  ENGAGE  цель в зоне удара через 4.0 с после входа (текст HP изменился на 152 px) — открываю ротацию
16:34:31.008  CAMERA  под захватом номер 3, а у цели 5 — ищу заново
16:34:31.010  CAMERA  цель в кадре (стрелки) — веду плавно
16:34:31.286  LIST    1:17м 2:21м 3:6м 4:18м 5:14м* 6:20м! 7:17м 8:27м
16:34:31.286  CHAIN   RESUME 'Цепочка #2': доигрываю 3 скилл(ов), не нажатых до смерти цели
16:34:31.286  CHAIN   START 'Цепочка #2 (доигрываю)': 3 скилл(ов), не короче 2.7 с — до конца замок
16:34:31.286  === COMBO START ['press_2'] ===
16:34:31.287  PRESS   2 (down, держим 87 мс)
16:34:31.385  CHAIN   WAIT: 'Цепочка #2' готова, но идёт 'Цепочка #2 (доигрываю)' (0.1 с из минимум 2.7 с) — жду
16:34:31.385  PRESS   2 (up)
16:34:31.462  === COMBO END ===
16:34:31.559  LIST    1:? 2:6м 3:17м 4:17м 5:18м 6:20м! 7:27м 8:28м
16:34:31.561  MOVE    бой фраза #127 (зерк.) 1.3 с | позиция вперёд +0.0 вбок +0.0
16:34:31.755  LIST    1:5м* 2:6м 3:17м 4:17м 5:18м 6:20м! 7:27м 8:28м
16:34:31.906  VISION  panel: found=True hp=53.8%  |  aim: found=True offset=(-689.5, -74.2)  |  bars=1 marked=1 lock=True enroute=False eng=True txt=6ba197ab/150
16:34:31.949  LIST    1:11м* 2:8м 3:16м 4:17м 5:19м 6:19м! 7:26м 8:28м
16:34:31.949  CAMERA  упор на цель: жест -939 счётчиков (цель в -690 px, 0.64 px/сч)
16:34:31.953  MOVE    поворот камеры: жест #22 x-1.01 (-939 из -939 счётчиков)
16:34:32.130  LIST    1:12м* 2:4м 3:18м 4:16м 5:20м 6:18м! 7:28м 8:28м
16:34:32.131  CAMERA  цель в кадре (слежение) — веду плавно
16:34:32.151  NAV     позиция (-19, 50) px, до якоря 16 м, масштаб 0.62 px/м, 17.1 сч/°, курс 351° | карта читается (0.91)
16:34:32.324  BBOX    событие 'panel_miss_beige' сохранено: 163304_015_panel_miss_beige
16:34:32.367  LIST    2:4м 3:18м 4:16м 5:20м 6:18м! 7:26м 8:28м
16:34:32.368  MOVE    бой фраза #834 1.6 с | позиция вперёд +0.0 вбок +0.0
16:34:32.614  LIST    2:4м 3:18м 4:16м 5:20м 6:18м! 7:26м 8:29м
16:34:32.647  === COMBO START ['press_3'] ===
16:34:32.649  PRESS   3 (down, держим 62 мс)
16:34:32.723  PRESS   3 (up)
16:34:32.768  === COMBO END ===
16:34:32.848  LIST    2:3м 3:14м 4:16м 5:21м 6:18м! 7:26м 8:29м
16:34:32.954  VISION  panel: found=False (цели нет: нет чёрных линий рамки)  фаза=LIST  |  aim: found=False offset=(+0.0, +0.0)  |  bars=0 marked=0 lock=True enroute=False eng=True txt=-
16:34:33.097  LIST    2:1м 3:13м 4:17м 5:22м 6:17м! 7:26м 8:31м
16:34:33.338  LIST    2:0м 3:11м 4:18м 5:23м 6:17м! 7:26м 8:32м
16:34:33.494  LIST    2:1м 3:10м 4:18м 5:23м 6:17м! 7:27м 8:34м
16:34:33.775  LIST    3:11м 4:19м 5:22м 6:18м! 7:28м 8:33м
16:34:33.953  MOVE    бой фраза #829 (зерк.) 1.6 с | позиция вперёд +0.1 вбок -0.2
16:34:34.003  VISION  panel: found=False (цели нет: нет чёрных линий рамки)  фаза=LIST  |  aim: found=False offset=(+0.0, +0.0)  |  bars=0 marked=0 lock=True enroute=False eng=True txt=-
16:34:34.040  LIST    3:13м 4:18м 5:21м 6:18м! 7:28м 8:32м
16:34:34.169  LIST    3:13м 4:17м 5:2м 6:17м! 7:27м 8:32м
16:34:34.405  LIST    3:14м 4:18м 5:22м 6:16м! 7:26м 8:30м
16:34:34.405  STATE   COMBAT -> SEARCH (панель отсутствовала 1.58с подряд, грейс-период 1.50с; последнее HP 0.0%, скорость 0.0 п.п./с, прогноз 0.0% -> УБИТА) -> cancel_pending_actions()
16:34:34.405  BBOX    событие 'lost_verdict' сохранено: 163304_016_lost_verdict
16:34:34.405  CHAIN   'Цепочка #2 (доигрываю)' снята обрывом (цель пропала), шла 3.1 с
16:34:34.406  MOVE    поиск фраза #426 1.6 с | позиция вперёд +0.0 вбок +0.0
16:34:34.427  NAV     якорь прогулки — здесь (-18, 50) px карты
16:34:34.525  PHASE   TAB -> LIST (поиск: ближний в списке №3 (14 м))
16:34:34.525  LIST    -> №3 из [3:14м 4:18м 5:22м 6:16м! 7:26м 8:30м], клик Alt+ПКМ
16:34:34.526  MOVE    поиск фраза #973 (зерк.) 0.6 с | позиция вперёд +0.0 вбок +0.0
16:34:34.741  CLICK   Alt+ПКМ по (94, 600)
16:34:34.752  CAMERA  заморожена (lock-on)
16:34:34.875  LIST    3:17м 4:14м 5:22м 6:17м! 7:26м 8:28м
16:34:35.010  VISION  panel: found=False (цели нет: нет чёрных линий рамки)  фаза=LIST  |  aim: found=True offset=(-253.0, -66.2)  |  bars=14 marked=0 lock=True enroute=False eng=False txt=-
16:34:35.039  LIST    3:18м 4:13м 5:22м 6:17м! 7:26м 8:28м
16:34:35.169  MOVE    поиск фраза #31 (зерк.) 1.1 с | позиция вперёд +0.0 вбок +0.6
16:34:35.310  LIST    3:19м 4:13м 5:21м 6:18м! 7:27м 8:26м
16:34:35.461  CLICK   перед кликом отпустил d
16:34:35.477  LIST    3:20м 4:13м 5:21м 6:18м! 7:27м 8:26м
16:34:35.657  LIST    3:21м 4:13м 5:21м 6:21м! 7:27м 8:26м
16:34:35.784  BBOX    событие 'panel_miss_beige' сохранено: 163304_017_panel_miss_beige
16:34:35.821  LIST    3:20м* 4:13м 5:21м 6:20м! 7:27м 8:26м
16:34:35.975  LIST    3:20м* 4:13м 5:21м 6:21м! 7:28м 8:27м
16:34:35.975  LIST    выбран №3 (рамка на строке) -> бой
16:34:35.976  STATE   SEARCH -> COMBAT (панель нашла цель, фаза LIST, кликов подхода: 0)
16:34:35.976  ENGAGE  шлагбаум закрыт: жду первого падения HP (эталон текста: HpText(sig=a365f664, ink=150, 11x84), полоска 100.0%)
16:34:36.044  CLICK   готово, Alt отпущен
16:34:36.071  VISION  panel: found=True hp=100.0%  |  aim: found=False offset=(+0.0, +0.0)  |  bars=0 marked=0 lock=True enroute=False eng=False txt=a365f664/150
16:34:36.074  CAMERA  разморожена
16:34:36.219  LIST    3:18м 4:14м 5:21м 6:20м! 7:28м 8:29м
16:34:36.219  GATE    ротация ждёт первого упавшего HP цели (она ещё не в зоне удара)
16:34:36.475  LIST    1:55м
16:34:36.476  CAMERA  цель в кадре (номер 3) — веду плавно
16:34:36.575  CAMERA  цель в кадре (слежение) — веду плавно
16:34:36.723  LIST    1:18м* 3:16м 4:20м! 5:29м 6:32м 7:40м! 8:21м
16:34:36.968  LIST    1:13м* 3:17м 4:20м! 5:30м 6:34м 7:41м! 8:21м
16:34:36.969  NAV     масштаб карты: 0.58 px/м (замер 0.58, 9 замеров)
16:34:37.189  VISION  panel: found=False (цели нет: нет бежевой окантовки снизу)  фаза=LIST  |  aim: found=False offset=(+0.0, +0.0)  |  bars=0 marked=0 lock=True enroute=False eng=False txt=-
16:34:37.222  LIST    1:12м* 3:18м 4:20м! 5:30м 6:38м 7:42м! 8:22м
16:34:37.381  LIST    1:12м* 3:18м 4:20м! 5:30м 6:36м 7:42м! 8:22м
16:34:37.408  NAV     позиция (-18, 48) px, до якоря 3 м, масштаб 0.58 px/м, 17.1 сч/°, курс 135° | карта читается (1.00)
16:34:37.687  LIST    1:12м* 3:18м 4:20м! 5:31м 6:36м 7:42м! 8:22м
16:34:37.801  BBOX    событие 'panel_miss_beige' сохранено: 163304_018_panel_miss_beige
16:34:38.189  VISION  panel: found=False (цели нет: нет бежевой окантовки снизу)  фаза=LIST  |  aim: found=False offset=(+0.0, +0.0)  |  bars=0 marked=0 lock=True enroute=False eng=False txt=-
16:34:38.218  LIST    1:8м* 3:18м 4:20м! 5:31м 6:37м 7:42м! 8:22м
16:34:38.538  LIST    1:8м* 3:18м 4:20м! 5:31м 6:36м 7:42м! 8:22м
16:34:38.921  LIST    1:8м* 3:18м 4:20м! 5:32м 6:36м 7:42м! 8:22м
16:34:39.193  VISION  panel: found=True hp=68.1%  |  aim: found=False offset=(+0.0, +0.0)  |  bars=0 marked=0 lock=True enroute=False eng=False txt=53e0957a/142
16:34:39.193  ENGAGE  шлагбаум закрыт: жду первого падения HP (эталон текста: HpText(sig=53e0957a, ink=142, 11x84), полоска 68.1%)
16:34:39.194  BBOX    событие 'swap_relock' сохранено: 163304_019_swap_relock
16:34:39.194  RELOCK  игра выбрала №1 (8 м, панель пропадала 2.14с и вернулась) — кликаю её в списке: бегу к ней и бью
16:34:39.357  LIST    1:7м* 3:18м 4:20м! 5:32м 6:36м 7:42м! 8:22м
16:34:39.357  ZOOM    колесо вниз x6 (следующая прокрутка через 10 с)
16:34:39.357  GATE    ротация ждёт первого упавшего HP цели (она ещё не в зоне удара)
16:34:39.357  WHEEL   вниз x6 (камера отдаляется)
16:34:39.358  CAMERA  упор на цель: жест +335 счётчиков (цель в +244 px, 0.64 px/сч)
16:34:39.358  MOVE    поворот камеры: жест #369 x1.00 (+335 из +335 счётчиков)
16:34:39.364  CAMERA  заморожена (lock-on)
16:34:39.535  ENGAGE  цель в зоне удара через 0.3 с после входа (текст HP изменился на 4 px) — открываю ротацию
16:34:39.673  LIST    1:6м* 3:18м 4:20м! 5:33м 6:36м 7:42м! 8:22м
16:34:39.674  MOVE    бой фраза #651 1.0 с | позиция вперёд +0.0 вбок +0.0
16:34:39.924  LIST    3:18м 4:20м! 5:33м 6:36м 7:42м! 8:22м
16:34:40.139  CAMERA  разморожена
16:34:40.207  CHAIN   RESUME 'Цепочка #2 (доигрываю)': доигрываю 1 скилл(ов), не нажатых до смерти цели
16:34:40.208  CHAIN   START 'Цепочка #2 (доигрываю) (доигрываю)': 1 скилл(ов), не короче 0.9 с — до конца замок
16:34:40.208  === COMBO START ['press_4'] ===
16:34:40.209  PRESS   4 (down, держим 135 мс)
16:34:40.330  VISION  panel: found=True hp=47.1%  |  aim: found=False offset=(+0.0, +0.0)  |  bars=0 marked=0 lock=True enroute=False eng=True txt=095aec0d/132
16:34:40.349  PRESS   4 (up)
16:34:40.359  CHAIN   WAIT: 'Цепочка #2' готова, но идёт 'Цепочка #2 (доигрываю) (доигрываю)' (0.2 с из минимум 0.9 с) — жду
16:34:40.394  === COMBO END ===
16:34:40.641  MOVE    бой фраза #389 (зерк.) 1.2 с | позиция вперёд +0.0 вбок +0.9
16:34:40.733  CAMERA  упор на цель: жест +371 счётчиков (цель в +278 px, 0.64 px/сч)
16:34:40.734  MOVE    поворот камеры: жест #335 x1.01 (+371 из +371 счётчиков)
16:34:40.884  LIST    3:17м 4:20м! 5:34м 6:38м 7:42м! 8:21м
16:34:41.040  LIST    3:17м 4:21м! 5:34м 6:38м 7:42м! 8:21м
16:34:41.286  LIST    3:16м 4:20м! 5:33м 6:33м 7:40м! 8:21м
16:34:41.372  VISION  panel: found=True hp=20.2%  |  aim: found=False offset=(+0.0, +0.0)  |  bars=0 marked=0 lock=True enroute=False eng=True txt=b157ad91/159
16:34:41.372  CHAIN   END 'Цепочка #2 (доигрываю) (доигрываю)': шла 1.2 с (минимум 0.9 с), хвостовая пауза 0.19 с
16:34:41.372  ENGAGE  цель в зоне удара через 2.2 с после входа (цель выбрана игрой, в списке её уже нет — она рядом) — открываю ротацию
16:34:41.481  LIST    пусто
16:34:41.737  LIST    3:13м 4:18м! 5:32м 6:31м 7:24м 8:28м
16:34:41.738  CHAIN   START 'Цепочка #2': 4 скилл(ов), не короче 3.6 с — до конца замок
16:34:41.738  === COMBO START ['press_1'] ===
16:34:41.738  ROTATION: цепочка 'Цепочка #2' кастуется, следующий повтор через 8.3с (диапазон 7.2-8.8с, независимо от других цепочек).
16:34:41.740  PRESS   1 (down, держим 80 мс)
16:34:41.794  MOVE    бой фраза #860 1.2 с | позиция вперёд +0.7 вбок +0.5
16:34:41.825  PRESS   1 (up)
16:34:41.830  CAMERA  упор на цель: жест +491 счётчиков (цель в +302 px, 0.54 px/сч)
16:34:41.831  MOVE    поворот камеры: жест #413 x-1.01 (+491 из +491 счётчиков)
16:34:41.901  === COMBO END ===
16:34:41.979  LIST    3:13м 4:17м! 5:32м 6:31м 7:24м 8:28м
16:34:42.217  LIST    3:19м 4:23м! 5:36м 6:37м 7:18м 8:21м
16:34:42.424  VISION  panel: found=False (цели нет: нет чёрных линий рамки)  фаза=LIST  |  aim: found=False offset=(+0.0, +0.0)  |  bars=0 marked=0 lock=True enroute=False eng=True txt=-
16:34:42.447  LIST    3:19м 4:23м! 5:36м 6:37м 7:19м 8:20м
16:34:42.557  NAV     позиция (-19, 48) px, до якоря 4 м, масштаб 0.58 px/м, 17.1 сч/°, курс 135° | карта читается (1.02)
16:34:42.665  LIST    3:18м 4:21м! 5:30м 6:36м 7:20м 8:21м
16:34:42.912  LIST    3:18м 4:20м! 5:37м 6:38м 7:21м 8:20м
16:34:43.024  MOVE    бой фраза #454 (зерк.) 1.6 с | позиция вперёд +0.5 вбок -0.7
16:34:43.166  LIST    3:18м 4:19м! 5:37м 6:38м 7:22м 8:21м
16:34:43.377  LIST    3:17м 4:17м! 5:37м 6:34м 7:24м 8:21м
16:34:43.496  VISION  panel: found=False (цели нет: нет чёрных линий рамки)  фаза=LIST  |  aim: found=False offset=(+0.0, +0.0)  |  bars=0 marked=0 lock=True enroute=False eng=True txt=-
16:34:43.656  LIST    3:17м 4:16м! 5:38м 6:33м 7:24м 8:22м
16:34:43.656  STATE   COMBAT -> SEARCH (панель отсутствовала 1.56с подряд, грейс-период 1.50с; последнее HP 0.0%, скорость 0.0 п.п./с, прогноз 0.0% -> УБИТА) -> cancel_pending_actions()
16:34:43.657  BBOX    событие 'lost_verdict' сохранено: 163304_020_lost_verdict
16:34:43.657  CHAIN   'Цепочка #2' снята обрывом (цель пропала), шла 1.9 с
16:34:43.658  MOVE    поиск фраза #568 1.4 с | позиция вперёд +0.0 вбок +0.0
16:34:43.773  PHASE   TAB -> LIST (поиск: ближний в списке №4 (16 м))
16:34:43.773  LIST    -> №4 из [3:17м 4:16м! 5:38м 6:33м 7:24м 8:22м], клик Alt+ПКМ
16:34:43.774  MOVE    поиск фраза #39 2.0 с | позиция вперёд +0.0 вбок +0.0
16:34:43.792  NAV     якорь прогулки — здесь (-16, 48) px карты
16:34:43.992  CLICK   Alt+ПКМ по (142, 634)
16:34:43.993  CAMERA  заморожена (lock-on)
16:34:44.132  LIST    2:0м 3:18м 4:18м! 5:38м 6:38м 7:22м 8:21м
16:34:44.415  LIST    3:18м 4:18м! 5:38м 6:38м 7:22м 8:21м
16:34:44.534  VISION  panel: found=False (цели нет: нет чёрных линий рамки)  фаза=LIST  |  aim: found=True offset=(-669.0, -103.7)  |  bars=25 marked=0 lock=True enroute=False eng=False txt=-
16:34:44.967  LIST    3:18м 4:518м*! 5:38м 6:38м 7:22м 8:21м
16:34:44.967  LIST    выбран №4 (рамка на строке) -> бой
16:34:44.967  STATE   SEARCH -> COMBAT (панель нашла цель, фаза LIST, кликов подхода: 0)
16:34:44.967  ENGAGE  шлагбаум закрыт: жду первого падения HP (эталон текста: HpText(sig=bb575dc5, ink=151, 11x84), полоска 100.0%)
16:34:45.077  CAMERA  цель в кадре (стрелки) — веду плавно
16:34:45.137  CLICK   готово, Alt отпущен
16:34:45.161  CAMERA  разморожена
16:34:45.203  LIST    3:17м 4:16м*! 5:38м 6:34м 7:24м 8:22м
16:34:45.204  GATE    ротация ждёт первого упавшего HP цели (она ещё не в зоне удара)
16:34:45.204  CAMERA  цель в кадре (слежение) — веду плавно
16:34:45.291  CAMERA  упор на цель: жест -1084 счётчиков (цель в -594 px, 0.54 px/сч)
16:34:45.292  MOVE    поворот камеры: жест #348 x0.99 (-1084 из -1084 счётчиков)
16:34:45.428  LIST    3:18м 4:18м*! 5:38м 6:32м 7:28м 8:23м
16:34:45.628  VISION  panel: found=True hp=100.0%  |  aim: found=True offset=(-436.0, -65.7)  |  bars=1 marked=1 lock=True enroute=False eng=False txt=bb575dc5/151
16:34:45.660  LIST    3:14м 4:13м*! 5:37м 6:31м 7:26м 8:24м
16:34:46.167  LIST    3:13м 4:13м*! 5:37м 6:31м 7:26м 8:28м
16:34:46.317  LIST    3:13м 4:13м*! 5:37м 6:31м 7:28м 8:28м
16:34:46.553  LIST    1:?! 3:13м 4:31м 5:37м 6:25м 7:25м
16:34:46.669  VISION  panel: found=True hp=100.0%  |  aim: found=True offset=(-128.0, -66.2)  |  bars=1 marked=1 lock=True enroute=False eng=False txt=bb575dc5/151
16:34:46.793  LIST    1:13м*! 3:13м 4:31м 5:37м 6:28м 7:28м
16:34:46.941  ENGAGE  цель в зоне удара через 2.0 с после входа (текст HP изменился на 284 px) — открываю ротацию
16:34:47.168  CHAIN   RESUME 'Цепочка #2': доигрываю 3 скилл(ов), не нажатых до смерти цели
16:34:47.168  CHAIN   START 'Цепочка #2 (доигрываю)': 3 скилл(ов), не короче 2.7 с — до конца замок
16:34:47.168  === COMBO START ['press_2'] ===
16:34:47.169  PRESS   2 (down, держим 79 мс)
16:34:47.252  PRESS   2 (up)
16:34:47.297  === COMBO END ===
16:34:47.667  VISION  panel: found=True hp=62.2%  |  aim: found=False offset=(+0.0, +0.0)  |  bars=0 marked=0 lock=True enroute=False eng=True txt=5fefcd4b/138
16:34:47.699  LIST    3:13м 4:31м 5:37м 6:26м 7:28м
16:34:47.700  MOVE    бой фраза #938 0.6 с | позиция вперёд +0.0 вбок +0.0
16:34:47.828  NAV     позиция (-14, 48) px, до якоря 3 м, масштаб 0.58 px/м, 17.1 сч/°, курс 135° | карта читается (0.98)
16:34:47.931  LIST    3:13м 4:31м 5:37м 6:28м 7:26м
16:34:48.213  LIST    3:14м 4:31м 5:39м 6:28м 7:20м
16:34:48.220  === COMBO START ['press_3'] ===
16:34:48.221  PRESS   3 (down, держим 83 мс)
16:34:48.313  PRESS   3 (up)
16:34:48.328  MOVE    бой фраза #865 (зерк.) 0.7 с | позиция вперёд +0.2 вбок -0.5
16:34:48.360  === COMBO END ===
16:34:48.442  LIST    3:13м 4:31м 5:39м 6:28м 7:28м
16:34:48.662  VISION  panel: found=False (цели нет: нет чёрных линий рамки)  фаза=LIST  |  aim: found=False offset=(+0.0, +0.0)  |  bars=0 marked=0 lock=True enroute=False eng=True txt=-
16:34:48.708  LIST    3:13м 4:30м 5:40м 6:26м 7:29м
16:34:48.923  LIST    3:14м 4:30м 5:41м 6:28м 7:30м
16:34:49.051  MOVE    бой фраза #420 1.9 с | позиция вперёд +0.4 вбок -0.8
16:34:49.157  LIST    3:13м 4:29м 5:41м 6:27м 7:31м
16:34:49.380  LIST    3:12м 4:28м 5:40м 6:28м 7:31м
16:34:49.585  LIST    3:55м 4:27м 5:38м 6:29м 7:32м
16:34:49.682  VISION  panel: found=False (цели нет: нет чёрных линий рамки)  фаза=LIST  |  aim: found=False offset=(+0.0, +0.0)  |  bars=0 marked=0 lock=True enroute=False eng=True txt=-
16:34:49.829  LIST    3:9м 4:28м 5:37м 6:31м 7:32м
16:34:49.933  STATE   COMBAT -> SEARCH (панель отсутствовала 1.52с подряд, грейс-период 1.50с; последнее HP 0.0%, скорость 0.0 п.п./с, прогноз 0.0% -> УБИТА) -> cancel_pending_actions()
16:34:49.934  BBOX    событие 'lost_verdict' сохранено: 163304_021_lost_verdict
16:34:49.934  CHAIN   'Цепочка #2 (доигрываю)' снята обрывом (цель пропала), шла 2.8 с
16:34:49.935  MOVE    поиск фраза #808 0.8 с | позиция вперёд +0.0 вбок +0.0
16:34:49.956  NAV     якорь прогулки — здесь (-10, 50) px карты
16:34:50.171  LIST    3:7м 4:23м 5:38м 6:33м 7:31м
16:34:50.171  PHASE   TAB -> LIST (поиск: ближний в списке №3 (7 м))
16:34:50.171  LIST    -> №3 из [3:7м 4:23м 5:38м 6:33м 7:31м], клик Alt+ПКМ
16:34:50.172  MOVE    поиск фраза #831 0.7 с | позиция вперёд +0.0 вбок +0.1
16:34:50.297  CLICK   Alt+ПКМ по (90, 599)
16:34:50.326  CAMERA  заморожена (lock-on)
16:34:50.411  LIST    3:7м 4:23м 5:34м 6:34м 7:31м
16:34:50.645  LIST    3:6м 4:22м 5:32м 6:38м 7:30м
16:34:50.745  VISION  panel: found=False (цели нет: нет чёрных линий рамки)  фаза=LIST  |  aim: found=True offset=(+59.0, -76.7)  |  bars=13 marked=0 lock=True enroute=False eng=False txt=-
16:34:50.848  LIST    3:6м 4:21м 5:31м 6:38м 7:39м
16:34:50.865  MOVE    поиск фраза #722 (зерк.) 1.6 с | позиция вперёд +0.0 вбок +0.7
16:34:50.905  CLICK   перед кликом отпустил d
16:34:51.076  LIST    3:6м 4:21м 5:30м 6:36м 7:29м
16:34:51.232  LIST    3:6м* 4:21м 5:30м 6:36м 7:29м
16:34:51.233  LIST    выбран №3 (рамка на строке) -> бой
16:34:51.233  STATE   SEARCH -> COMBAT (панель нашла цель, фаза LIST, кликов подхода: 0)
16:34:51.233  ENGAGE  шлагбаум закрыт: жду первого падения HP (эталон текста: HpText(sig=d5ac6f45, ink=161, 11x84), полоска 100.0%)
16:34:51.339  CAMERA  цели в кадре нет — смотрю, куда бегу: поворот +86°
16:34:51.340  MOVE    поворот камеры: жест #206 x-0.99 (+1470 из +1470 счётчиков)
16:34:51.453  LIST    пусто
16:34:51.454  GATE    ротация ждёт первого упавшего HP цели (она ещё не в зоне удара)
16:34:51.479  CLICK   готово, Alt отпущен
16:34:51.496  CAMERA  разморожена
16:34:51.553  ZOOM    колесо вниз x4 (следующая прокрутка через 10 с)
16:34:51.553  WHEEL   вниз x4 (камера отдаляется)
16:34:51.554  CAMERA  цель в кадре (номер 3) — веду плавно
16:34:51.557  CAMERA  заморожена (lock-on)
16:34:51.678  LIST    1:?* 3:20м 4:30м 5:33м! 6:29м 7:37м
16:34:51.785  VISION  panel: found=True hp=72.3%  |  aim: found=False offset=(+0.0, +0.0)  |  bars=0 marked=0 lock=True enroute=False eng=False txt=05c6bc19/306
16:34:51.785  ENGAGE  цель в зоне удара через 0.6 с после входа (текст HP изменился на 329 px) — открываю ротацию
16:34:51.786  MOVE    бой фраза #145 (зерк.) 1.2 с | позиция вперёд +0.0 вбок +0.0
16:34:51.921  LIST    1:6м* 3:20м 4:30м 5:33м! 6:29м 7:37м
16:34:51.997  CAMERA  цель в кадре (стрелки) — веду плавно
16:34:52.109  CAMERA  разморожена
16:34:52.144  LIST    1:7м* 3:21м 4:30м 5:34м! 6:28м 7:37м
16:34:52.144  CHAIN   RESUME 'Цепочка #2 (доигрываю)': доигрываю 1 скилл(ов), не нажатых до смерти цели
16:34:52.144  CHAIN   START 'Цепочка #2 (доигрываю) (доигрываю)': 1 скилл(ов), не короче 0.9 с — до конца замок
16:34:52.144  === COMBO START ['press_4'] ===
16:34:52.146  PRESS   4 (down, держим 79 мс)
16:34:52.234  PRESS   4 (up)
16:34:52.242  CHAIN   WAIT: 'Цепочка #2' готова, но идёт 'Цепочка #2 (доигрываю) (доигрываю)' (0.1 с из минимум 0.9 с) — жду
16:34:52.243  CAMERA  упор на цель: жест -785 счётчиков (цель в -400 px, 0.50 px/сч)
16:34:52.243  MOVE    поворот камеры: жест #191 x1.00 (-785 из -785 счётчиков)
16:34:52.295  === COMBO END ===
16:34:52.394  LIST    3:21м 4:30м 5:34м! 6:27м 7:36м
16:34:52.395  MOVE    бой фраза #161 2.0 с | позиция вперёд +0.0 вбок +0.0
16:34:52.644  LIST    3:21м 4:31м 5:34м! 6:27м 7:30м
16:34:52.752  CAMERA  цель в кадре (слежение) — веду плавно
16:34:52.880  VISION  panel: found=True hp=29.4%  |  aim: found=False offset=(+0.0, +0.0)  |  bars=0 marked=0 lock=True enroute=False eng=True txt=97804579/147
16:34:52.909  LIST    3:22м 4:32м 5:36м! 6:28м 7:38м
16:34:53.020  NAV     позиция (-15, 51) px, до якоря 8 м, масштаб 0.58 px/м, 17.1 сч/°, курс 139° | карта читается (0.96)
16:34:53.122  LIST    3:23м 4:32м 5:36м! 6:24м 7:38м
16:34:53.123  CAMERA  цель в кадре (стрелки) — веду плавно
16:34:53.220  CAMERA  цель в кадре (слежение) — веду плавно
16:34:53.380  LIST    3:22м 4:32м 5:38м! 6:28м 7:38м
16:34:53.380  CHAIN   END 'Цепочка #2 (доигрываю) (доигрываю)': шла 1.2 с (минимум 0.9 с), хвостовая пауза 0.38 с
16:34:53.599  LIST    3:21м 4:33м 5:36м! 6:26м 7:36м
16:34:53.814  LIST    3:20м 4:33м 5:38м! 6:27м 7:36м
16:34:53.928  VISION  panel: found=False (цели нет: нет чёрных линий рамки)  фаза=LIST  |  aim: found=False offset=(+0.0, +0.0)  |  bars=0 marked=0 lock=True enroute=False eng=True txt=-
16:34:53.964  LIST    3:19м 4:32м 5:34м! 6:28м 7:37м
16:34:54.205  LIST    3:17м 4:31м 5:33м! 6:29м 7:39м
16:34:54.432  MOVE    бой фраза #355 (зерк.) 1.3 с | позиция вперёд +0.8 вбок +0.0
16:34:54.459  LIST    3:16м 4:29м 5:32м! 6:29м 7:40м
16:34:54.460  STATE   COMBAT -> SEARCH (панель отсутствовала 0.75с подряд, грейс-период 0.70с; последнее HP 0.0%, скорость 0.0 п.п./с, прогноз 0.0% -> УБИТА) -> cancel_pending_actions()
16:34:54.461  BBOX    событие 'lost_verdict' сохранено: 163304_022_lost_verdict
16:34:54.462  MOVE    поиск фраза #546 (зерк.) 0.9 с | позиция вперёд +0.0 вбок +0.0
16:34:54.555  PHASE   TAB -> LIST (поиск: ближний в списке №3 (16 м))
16:34:54.556  LIST    -> №3 из [3:16м 4:29м 5:32м! 6:29м 7:40м], клик Alt+ПКМ
16:34:54.557  MOVE    поиск фраза #709 1.4 с | позиция вперёд +0.0 вбок +0.0
16:34:54.570  NAV     якорь прогулки — здесь (-12, 54) px карты
16:34:54.756  CLICK   Alt+ПКМ по (118, 600)
16:34:54.786  CAMERA  заморожена (lock-on)
16:34:54.906  LIST    3:18м 4:27м 5:30м! 6:28м 7:42м
16:34:54.992  VISION  panel: found=False (цели нет: нет пары линий на расстоянии 11 px)  фаза=LIST  |  aim: found=True offset=(+113.5, -73.7)  |  bars=16 marked=1 lock=True enroute=False eng=False txt=-
16:34:55.120  LIST    3:16м 4:26м 5:30м! 6:27м 7:43м
16:34:55.368  LIST    3:18м 4:26м 5:30м! 6:27м 7:43м
16:34:55.859  LIST    3:14м* 4:26м 5:29м! 6:28м 7:44м
16:34:55.859  LIST    выбран №3 (рамка на строке) -> бой
16:34:55.859  STATE   SEARCH -> COMBAT (панель нашла цель, фаза LIST, кликов подхода: 0)
16:34:55.859  ENGAGE  шлагбаум закрыт: жду первого падения HP (эталон текста: HpText(sig=d5ac6f45, ink=161, 11x84), полоска 100.0%)
16:34:56.062  CLICK   готово, Alt отпущен
16:34:56.076  CAMERA  разморожена
16:34:56.091  VISION  panel: found=True hp=100.0%  |  aim: found=True offset=(-225.0, -97.2)  |  bars=1 marked=1 lock=True enroute=False eng=False txt=d5ac6f45/161
16:34:56.116  LIST    3:14м 4:26м 5:29м! 6:28м 7:48м
16:34:56.117  GATE    ротация ждёт первого упавшего HP цели (она ещё не в зоне удара)
16:34:56.117  CAMERA  цель в кадре (номер 3) — веду плавно
16:34:56.230  CAMERA  цель в кадре (слежение) — веду плавно
16:34:56.365  LIST    3:14м* 4:26м 5:29м! 6:28м 7:48м
16:34:56.366  CAMERA  упор на цель: жест -445 счётчиков (цель в -226 px, 0.46 px/сч)
16:34:56.367  MOVE    поворот камеры: жест #39 x0.99 (-445 из -445 счётчиков)
16:34:56.608  LIST    1:? 3:19м 4:21м 5:26м 6:29м! 7:28м
16:34:56.797  LIST    1:5м* 3:19м 4:21м 5:26м 6:29м! 7:28м
16:34:56.797  MOVE    бой фраза #879 1.2 с | позиция вперёд +0.0 вбок +0.0
16:34:57.014  LIST    1:10м* 3:29м 4:21м 5:26м 6:29м! 7:28м
16:34:57.014  ENGAGE  цель в зоне удара через 1.2 с после входа (текст HP изменился на 57 px) — открываю ротацию
16:34:57.112  VISION  panel: found=True hp=90.8%  |  aim: found=False offset=(+0.0, +0.0)  |  bars=0 marked=0 lock=True enroute=False eng=True txt=8c459884/154
16:34:57.258  LIST    1:10м* 3:19м 4:20м 5:26м 6:30м! 7:27м
16:34:57.258  CHAIN   START 'Цепочка #2': 4 скилл(ов), не короче 3.6 с — до конца замок
16:34:57.258  === COMBO START ['press_1'] ===
16:34:57.258  ROTATION: цепочка 'Цепочка #2' кастуется, следующий повтор через 7.4с (диапазон 7.2-8.8с, независимо от других цепочек).
16:34:57.259  PRESS   1 (down, держим 94 мс)
16:34:57.368  PRESS   1 (up)
16:34:57.444  === COMBO END ===
16:34:57.492  LIST    1:8м* 3:20м 4:20м 5:26м 6:30м! 7:27м
16:34:57.709  LIST    3:31м 4:27м 5:23м 6:21м! 7:41м
16:34:57.709  CAMERA  цель в кадре (стрелки) — веду плавно
16:34:57.710  MOVE    бой фраза #987 0.7 с | позиция вперёд +0.0 вбок +0.0
16:34:58.085  LIST    3:32м 4:27м 5:23м 6:21м! 7:42м
16:34:58.102  NAV     позиция (-7, 61) px, до якоря 15 м, масштаб 0.58 px/м, 17.1 сч/°, курс 152° | карта читается (0.97)
16:34:58.188  VISION  panel: found=False (цели нет: нет чёрных линий рамки)  фаза=LIST  |  aim: found=False offset=(+0.0, +0.0)  |  bars=0 marked=0 lock=True enroute=False eng=True txt=-
16:34:58.295  LIST    3:34м 4:28м 5:23м 6:20м! 7:43м
16:34:58.398  MOVE    бой фраза #883 1.1 с | позиция вперёд +0.5 вбок +0.3
16:34:58.510  LIST    3:38м 4:28м 5:22м 6:18м! 7:44м
16:34:58.714  LIST    3:36м 4:27м 5:21м 6:17м! 7:48м
16:34:58.879  LIST    3:38м 4:28м 5:21м 6:17м! 7:46м
16:34:59.072  LIST    3:38м 4:29м 5:23м 6:18м! 7:47м
16:34:59.202  VISION  panel: found=False (цели нет: нет чёрных линий рамки)  фаза=LIST  |  aim: found=False offset=(+0.0, +0.0)  |  bars=0 marked=0 lock=True enroute=False eng=True txt=-
16:34:59.226  LIST    3:38м 4:29м 5:24м 6:19м! 7:47м
16:34:59.425  LIST    3:37м 4:30м 5:28м 6:20м! 7:46м
16:34:59.490  MOVE    бой фраза #323 1.4 с | позиция вперёд +0.6 вбок -0.4
16:34:59.495  STATE   COMBAT -> SEARCH (панель отсутствовала 1.59с подряд, грейс-период 1.50с; последнее HP 0.0%, скорость 0.0 п.п./с, прогноз 0.0% -> УБИТА) -> cancel_pending_actions()
16:34:59.496  BBOX    событие 'lost_verdict' сохранено: 163304_023_lost_verdict
16:34:59.496  CHAIN   'Цепочка #2' снята обрывом (цель пропала), шла 2.3 с
16:34:59.497  MOVE    поиск фраза #603 0.9 с | позиция вперёд +0.0 вбок +0.0
16:34:59.521  NAV     якорь прогулки — здесь (-5, 62) px карты
16:34:59.683  LIST    3:37м 4:30м 5:26м 6:22м! 7:46м
16:34:59.683  PHASE   TAB -> LIST (поиск: ближний в списке №6 (22 м))
16:34:59.683  LIST    -> №6 из [3:37м 4:30м 5:26м 6:22м! 7:46м], клик Alt+ПКМ
16:34:59.684  MOVE    поиск фраза #828 1.0 с | позиция вперёд +0.0 вбок -0.0
16:34:59.750  CLICK   Alt+ПКМ по (289, 563)
16:34:59.766  CAMERA  заморожена (lock-on)
16:34:59.860  LIST    3:37м 4:31м 5:27м 6:23м! 7:46м
16:35:00.048  LIST    3:37м 4:32м 5:28м 6:24м! 7:46м
16:35:00.213  LIST    3:37м 4:32м 5:29м 6:28м! 7:46м
16:35:00.305  VISION  panel: found=False (цели нет: нет чёрных линий рамки)  фаза=LIST  |  aim: found=False offset=(+0.0, +0.0)  |  bars=0 marked=0 lock=False enroute=False eng=False txt=-
16:35:00.414  LIST    3:37м 4:33м 5:30м 6:26м! 7:46м
16:35:00.631  LIST    3:37м 4:32м 5:29м 6:26м*! 7:46м
16:35:00.631  LIST    выбран №6 (рамка на строке) -> бой
16:35:00.632  STATE   SEARCH -> COMBAT (панель нашла цель, фаза LIST, кликов подхода: 0)
16:35:00.632  ENGAGE  шлагбаум закрыт: жду первого падения HP (эталон текста: HpText(sig=bb575dc5, ink=151, 11x84), полоска 100.0%)
16:35:00.820  LIST    3:38м 4:31м 5:28м 6:24м*! 7:46м
16:35:00.820  GATE    ротация ждёт первого упавшего HP цели (она ещё не в зоне удара)
16:35:00.920  CLICK   готово, Alt отпущен
16:35:00.937  CAMERA  разморожена
16:35:01.009  LIST    3:39м 4:5м 5:27м 6:23м*! 7:46м
16:35:01.219  LIST    3:39м 4:29м 5:26м 6:52м*! 7:46м
16:35:01.219  CAMERA  цели в кадре нет — смотрю, куда бегу: поворот +79°
16:35:01.220  MOVE    поворот камеры: жест #167 x-1.01 (+1356 из +1356 счётчиков)
16:35:01.384  VISION  panel: found=True hp=100.0%  |  aim: found=False offset=(+0.0, +0.0)  |  bars=0 marked=0 lock=False enroute=False eng=False txt=bb575dc5/151
16:35:01.402  LIST    пусто
16:35:01.585  LIST    1:19м! 3:23м 4:28м
16:35:01.687  CAMERA  цель в кадре (стрелки) — веду плавно
16:35:01.804  LIST    1:18м*! 3:22м 4:27м
16:35:01.805  CAMERA  цель в кадре (слежение) — веду плавно
16:35:01.905  CAMERA  упор на цель: жест +780 счётчиков (цель в +380 px, 0.46 px/сч)
16:35:01.906  MOVE    поворот камеры: жест #191 x-0.99 (+780 из +780 счётчиков)
16:35:02.023  LIST    1:17м*! 3:21м 4:27м
16:35:02.023  ZOOM    колесо вниз x6 (следующая прокрутка через 10 с)
16:35:02.023  WHEEL   вниз x6 (камера отдаляется)
16:35:02.042  CAMERA  заморожена (lock-on)
16:35:02.233  LIST    1:18м*! 3:20м 4:26м
16:35:02.404  VISION  panel: found=True hp=100.0%  |  aim: found=True offset=(+332.0, +32.8)  |  bars=1 marked=1 lock=True enroute=False eng=False txt=bb575dc5/151
16:35:02.424  LIST    1:14м*! 3:19м 4:26м
16:35:02.659  LIST    1:14м*! 3:18м 4:28м
16:35:02.718  CAMERA  разморожена
16:35:02.961  CAMERA  цель в кадре (стрелки) — веду плавно
16:35:03.093  CAMERA  цель в кадре (слежение) — веду плавно
16:35:03.191  NAV     позиция (-8, 66) px, до якоря 8 м, масштаб 0.58 px/м, 17.1 сч/°, курс 144° | карта читается (0.95)
16:35:03.305  LIST    1:14м*! 3:18м 4:26м
16:35:03.483  VISION  panel: found=True hp=98.3%  |  aim: found=True offset=(+99.5, +26.3)  |  bars=1 marked=1 lock=True enroute=False eng=False txt=680d63cd/157
16:35:03.590  ENGAGE  цель в зоне удара через 3.0 с после входа (текст HP изменился на 274 px) — открываю ротацию
16:35:03.906  CHAIN   RESUME 'Цепочка #2': доигрываю 3 скилл(ов), не нажатых до смерти цели
16:35:03.907  CHAIN   START 'Цепочка #2 (доигрываю)': 3 скилл(ов), не короче 2.7 с — до конца замок
16:35:03.907  === COMBO START ['press_2'] ===
16:35:03.908  PRESS   2 (down, держим 116 мс)
16:35:04.041  PRESS   2 (up)
16:35:04.104  === COMBO END ===
16:35:04.539  VISION  panel: found=True hp=75.6%  |  aim: found=True offset=(+91.5, +26.8)  |  bars=1 marked=1 lock=True enroute=False eng=True txt=680d63cd/157
16:35:04.556  LIST    1:14м*! 3:18м 4:27м
16:35:04.647  CHAIN   WAIT: 'Цепочка #2' готова, но идёт 'Цепочка #2 (доигрываю)' (0.8 с из минимум 2.7 с) — жду
16:35:04.647  CAMERA  цель в кадре (стрелки) — веду плавно
16:35:04.769  LIST    1:14м* 3:18м 4:27м
16:35:04.967  LIST    3:18м 4:27м
16:35:04.968  MOVE    бой фраза #877 1.8 с | позиция вперёд +0.0 вбок +0.0
16:35:05.389  LIST    3:17м 4:28м
16:35:05.579  VISION  panel: found=False (цели нет: нет чёрных линий рамки)  фаза=LIST  |  aim: found=False offset=(+0.0, +0.0)  |  bars=0 marked=0 lock=True enroute=False eng=True txt=-
16:35:05.601  LIST    3:17м 4:24м
16:35:05.806  LIST    3:16м 4:23м
16:35:06.035  LIST    3:16м 4:22м
16:35:06.404  LIST    2:1м 3:5м
16:35:06.625  VISION  panel: found=False (цели нет: нет чёрных линий рамки)  фаза=LIST  |  aim: found=False offset=(+0.0, +0.0)  |  bars=0 marked=0 lock=True enroute=False eng=True txt=-
16:35:06.653  LIST    2:18м 3:24м 4:39м
16:35:06.654  STATE   COMBAT -> SEARCH (панель отсутствовала 1.52с подряд, грейс-период 1.50с; последнее HP 0.0%, скорость 0.0 п.п./с, прогноз 0.0% -> УБИТА) -> cancel_pending_actions()
16:35:06.654  BBOX    событие 'lost_verdict' сохранено: 163304_024_lost_verdict
16:35:06.654  CHAIN   'Цепочка #2 (доигрываю)' снята обрывом (цель пропала), шла 2.7 с
16:35:06.655  MOVE    поиск фраза #127 (зерк.) 1.3 с | позиция вперёд +0.0 вбок -0.0
16:35:06.743  PHASE   TAB -> LIST (поиск: ближний в списке №2 (18 м))
16:35:06.743  LIST    -> №2 из [2:18м 3:24м 4:39м], клик Alt+ПКМ
16:35:06.744  MOVE    поиск фраза #870 (зерк.) 0.6 с | позиция вперёд +0.0 вбок -0.0
16:35:06.765  NAV     якорь прогулки — здесь (-9, 64) px карты
16:35:06.904  CLICK   Alt+ПКМ по (92, 566)
16:35:06.930  CAMERA  заморожена (lock-on)
16:35:06.985  LIST    2:19м 3:26м 4:40м
16:35:07.169  LIST    2:19м 3:28м 4:41м
16:35:07.345  MOVE    поиск фраза #326 1.6 с | позиция вперёд +0.0 вбок -0.6
16:35:07.397  LIST    2:20м 3:29м 4:42м
16:35:07.434  CLICK   перед кликом отпустил a
16:35:07.624  LIST    2:20м 3:30м 4:43м
16:35:07.712  VISION  panel: found=True hp=100.0%  |  aim: found=True offset=(+390.0, +40.3)  |  bars=10 marked=2 lock=True enroute=False eng=False txt=6fdc5457/167
16:35:07.822  LIST    2:19м* 3:30м 4:43м
16:35:07.822  LIST    выбран №2 (рамка на строке) -> бой
16:35:07.822  STATE   SEARCH -> COMBAT (панель нашла цель, фаза LIST, кликов подхода: 0)
16:35:07.822  ENGAGE  шлагбаум закрыт: жду первого падения HP (эталон текста: HpText(sig=6fdc5457, ink=167, 11x84), полоска 100.0%)
16:35:07.935  CAMERA  цель в кадре (стрелки) — веду плавно
16:35:08.021  CLICK   готово, Alt отпущен
16:35:08.035  LIST    2:18м 3:29м 4:43м
16:35:08.035  CAMERA  цель в кадре (слежение) — веду плавно
16:35:08.038  CAMERA  разморожена
16:35:08.099  GATE    ротация ждёт первого упавшего HP цели (она ещё не в зоне удара)
16:35:08.099  CAMERA  упор на цель: жест +750 счётчиков (цель в +368 px, 0.44 px/сч)
16:35:08.100  MOVE    поворот камеры: жест #6 x1.01 (+750 из +750 счётчиков)
16:35:08.203  LIST    2:17м* 3:29м 4:43м
16:35:08.220  NAV     позиция (-9, 66) px, до якоря 4 м, масштаб 0.58 px/м, 17.1 сч/°, курс 212° | карта читается (0.95)
16:35:08.389  BBOX    событие 'panel_miss_beige' сохранено: 163304_025_panel_miss_beige
16:35:08.414  LIST    2:16м* 3:28м 4:43м
16:35:08.414  ENGAGE  цель в зоне удара через 0.6 с после входа (текст HP изменился на 24 px) — открываю ротацию
16:35:08.526  CAMERA  цель в кадре (стрелки) — веду плавно
16:35:08.662  LIST    2:14м* 3:28м 4:43м
16:35:08.782  VISION  panel: found=False (цели нет: нет бежевой окантовки снизу)  фаза=LIST  |  aim: found=True offset=(-31.0, +3.8)  |  bars=1 marked=1 lock=True enroute=False eng=True txt=-
16:35:08.976  LIST    2:13м* 3:27м 4:44м
16:35:09.459  HOLD    панель вернулась через 0.83с, HP 100.0% -> 100.0%: та же цель, захват не трогаю
16:35:09.459  BBOX    событие 'hold_resolved' сохранено: 163304_026_hold_resolved
16:35:09.459  CHAIN   RESUME 'Цепочка #2 (доигрываю)': доигрываю 2 скилл(ов), не нажатых до смерти цели
16:35:09.459  CHAIN   START 'Цепочка #2 (доигрываю) (доигрываю)': 2 скилл(ов), не короче 1.8 с — до конца замок
16:35:09.460  === COMBO START ['press_3'] ===
16:35:09.460  CAMERA  цель в кадре (слежение) — веду плавно
16:35:09.461  PRESS   3 (down, держим 99 мс)
16:35:09.575  PRESS   3 (up)
16:35:09.597  CHAIN   WAIT: 'Цепочка #2' готова, но идёт 'Цепочка #2 (доигрываю) (доигрываю)' (0.1 с из минимум 1.8 с) — жду
16:35:09.637  === COMBO END ===
16:35:09.779  VISION  panel: found=True hp=100.0%  |  aim: found=True offset=(-29.0, +4.8)  |  bars=1 marked=1 lock=True enroute=False eng=True txt=6fdc5457/167
16:35:09.802  LIST    2:19м* 3:28м 4:44м
16:35:10.035  LIST    2:9м* 3:28м 4:44м
16:35:10.277  LIST    3:28м 4:44м
16:35:10.277  MOVE    бой фраза #867 1.8 с | позиция вперёд +0.0 вбок +0.0
16:35:10.467  BBOX    событие 'panel_miss_beige' сохранено: 163304_027_panel_miss_beige
16:35:10.497  LIST    3:28м 4:43м
16:35:10.701  LIST    3:27м 4:42м
16:35:10.794  VISION  panel: found=False (цели нет: нет бежевой окантовки снизу)  фаза=LIST  |  aim: found=False offset=(+0.0, +0.0)  |  bars=0 marked=0 lock=True enroute=False eng=True txt=-
16:35:10.915  LIST    3:27м 4:41м
16:35:11.148  LIST    3:28м 4:42м
16:35:11.350  LIST    3:29м 4:43м
16:35:11.437  STATE   COMBAT -> SEARCH (панель отсутствовала 1.55с подряд, грейс-период 1.50с; последнее HP 0.0%, скорость 0.0 п.п./с, прогноз 0.0% -> УБИТА) -> cancel_pending_actions()
16:35:11.438  BBOX    событие 'lost_verdict' сохранено: 163304_028_lost_verdict
16:35:11.438  CHAIN   'Цепочка #2 (доигрываю) (доигрываю)' снята обрывом (цель пропала), шла 2.0 с
16:35:11.439  MOVE    поиск фраза #973 0.7 с | позиция вперёд +0.0 вбок +0.0
16:35:11.451  NAV     якорь прогулки — здесь (-11, 67) px карты
16:35:11.554  LIST    пусто
16:35:11.749  LIST    3:32м
16:35:11.750  PHASE   TAB -> LIST (поиск: ближний в списке №3 (32 м))
16:35:11.750  LIST    -> №3 из [3:32м], клик Alt+ПКМ
16:35:11.751  MOVE    поиск фраза #981 (зерк.) 1.6 с | позиция вперёд +0.0 вбок +0.0
16:35:11.819  VISION  panel: found=False (цели нет: длина линий 105 px вне диапазона)  фаза=LIST  |  aim: found=True offset=(+83.0, +20.3)  |  bars=4 marked=0 lock=True enroute=False eng=False txt=-
16:35:11.819  CLICK   Alt+ПКМ по (99, 603)
16:35:11.849  CAMERA  заморожена (lock-on)
16:35:12.001  LIST    3:33м
16:35:12.219  LIST    3:38м
16:35:12.879  VISION  panel: found=True hp=100.0%  |  aim: found=True offset=(+226.5, +49.8)  |  bars=16 marked=0 lock=True enroute=False eng=False txt=6fdc5457/167
16:35:12.900  LIST    3:38м*
16:35:12.900  LIST    выбран №3 (рамка на строке) -> бой
16:35:12.900  STATE   SEARCH -> COMBAT (панель нашла цель, фаза LIST, кликов подхода: 0)
16:35:12.900  ENGAGE  шлагбаум закрыт: жду первого падения HP (эталон текста: HpText(sig=6fdc5457, ink=167, 11x84), полоска 100.0%)
16:35:13.004  CLICK   готово, Alt отпущен
16:35:13.017  CAMERA  разморожена
16:35:13.124  LIST    3:34м*
16:35:13.124  ZOOM    колесо вниз x4 (следующая прокрутка через 9 с)
16:35:13.124  GATE    ротация ждёт первого упавшего HP цели (она ещё не в зоне удара)
16:35:13.124  WHEEL   вниз x4 (камера отдаляется)
16:35:13.140  CAMERA  заморожена (lock-on)
16:35:13.247  NAV     позиция (-11, 69) px, до якоря 2 м, масштаб 0.58 px/м, 17.1 сч/°, курс 252° | карта читается (0.91)
16:35:13.364  LIST    3:33м*
16:35:13.565  LIST    3:32м*
16:35:13.566  CAMERA  цели в кадре нет — смотрю, куда бегу: поворот +55°
16:35:13.567  NAV     масштаб карты: 0.51 px/м (замер 0.41, 9 замеров)
16:35:13.567  MOVE    поворот камеры: жест #82 x-1.00 (+935 из +935 счётчиков)
16:35:13.706  LIST    3:31м*
16:35:13.710  CAMERA  разморожена
16:35:13.899  VISION  panel: found=True hp=100.0%  |  aim: found=False offset=(+0.0, +0.0)  |  bars=0 marked=0 lock=True enroute=False eng=False txt=6fdc5457/167
16:35:13.936  LIST    3:30м*
16:35:14.185  LIST    3:29м*
16:35:14.368  LIST    3:27м*
16:35:14.564  LIST    3:26м*
16:35:14.564  NAV     масштаб карты: 0.53 px/м (замер 0.53, 9 замеров)
16:35:14.651  CAMERA  цель в кадре (номер 3) — веду плавно
16:35:14.778  LIST    3:28м*
16:35:14.779  CAMERA  цель в кадре (слежение) — веду плавно
16:35:14.849  CAMERA  упор на цель: жест +1099 счётчиков (цель в +532 px, 0.47 px/сч)
16:35:14.849  MOVE    поворот камеры: жест #348 x-1.01 (+1099 из +1099 счётчиков)
16:35:14.955  VISION  panel: found=True hp=100.0%  |  aim: found=True offset=(+520.0, +95.3)  |  bars=1 marked=1 lock=True enroute=False eng=False txt=6fdc5457/167
16:35:14.980  LIST    3:24м*
16:35:15.231  LIST    3:23м*
16:35:15.308  CAMERA  цель в кадре (стрелки) — веду плавно
16:35:15.449  LIST    3:22м*
16:35:15.450  CAMERA  цель в кадре (слежение) — веду плавно
16:35:15.450  NAV     масштаб карты: 0.51 px/м (замер 0.38, 9 замеров)
16:35:15.650  LIST    3:21м*
16:35:15.746  CAMERA  цель в кадре (стрелки) — веду плавно
16:35:15.864  LIST    3:20м*
16:35:15.865  CAMERA  цель в кадре (слежение) — веду плавно
16:35:15.948  VISION  panel: found=True hp=100.0%  |  aim: found=True offset=(-199.0, +66.8)  |  bars=1 marked=1 lock=True enroute=False eng=False txt=6fdc5457/167
16:35:16.065  LIST    3:19м*
16:35:16.156  CAMERA  упор на цель: жест -303 счётчиков (цель в -194 px, 0.55 px/сч)
16:35:16.157  MOVE    поворот камеры: жест #368 x-1.00 (-303 из -303 счётчиков)
16:35:16.281  LIST    3:17м*
16:35:16.495  LIST    пусто
16:35:16.736  LIST    1:18м* 3:9м 4:28м 5:29м 6:37м
16:35:16.949  LIST    1:13м* 3:10м 4:27м 5:28м 6:36м
16:35:16.949  NAV     масштаб карты: 0.53 px/м (замер 0.62, 9 замеров)
16:35:17.037  VISION  panel: found=True hp=100.0%  |  aim: found=True offset=(-23.0, +42.8)  |  bars=1 marked=1 lock=True enroute=False eng=False txt=6fdc5457/167
16:35:17.174  LIST    1:12м* 3:11м 4:26м 5:27м 6:38м
16:35:17.852  LIST    1:8м* 3:11м 4:26м 5:27м 6:38м
16:35:17.972  CAMERA  цель в кадре (стрелки) — веду плавно
16:35:18.069  VISION  panel: found=True hp=90.8%  |  aim: found=False offset=(+0.0, +0.0)  |  bars=0 marked=0 lock=True enroute=False eng=False txt=bc3df505/151
16:35:18.096  LIST    3:11м 4:26м 5:27м 6:38м
16:35:18.096  ENGAGE  цель в зоне удара через 5.2 с после входа (текст HP изменился на 206 px) — открываю ротацию
16:35:18.097  MOVE    бой фраза #771 0.7 с | позиция вперёд +0.0 вбок +0.0
16:35:18.336  LIST    3:11м 4:26м 5:27м 6:34м
16:35:18.337  CHAIN   RESUME 'Цепочка #2 (доигрываю) (доигрываю)': доигрываю 1 скилл(ов), не нажатых до смерти цели
16:35:18.337  CHAIN   START 'Цепочка #2 (доигрываю) (доигрываю) (доигрываю)': 1 скилл(ов), не короче 0.9 с — до конца замок
16:35:18.337  === COMBO START ['press_4'] ===
16:35:18.338  PRESS   4 (down, держим 101 мс)
16:35:18.360  NAV     позиция (-20, 58) px, до якоря 24 м, масштаб 0.53 px/м, 17.1 сч/°, курс 252° | карта читается (0.84)
16:35:18.446  PRESS   4 (up)
16:35:18.452  CHAIN   WAIT: 'Цепочка #2' готова, но идёт 'Цепочка #2 (доигрываю) (доигрываю) (доигрываю)' (0.1 с из минимум 0.9 с) — жду
16:35:18.522  === COMBO END ===
16:35:18.568  LIST    3:11м 4:28м 5:27м 6:36м
16:35:18.771  LIST    3:10м 4:26м 5:27м 6:36м
16:35:18.814  MOVE    бой фраза #251 (зерк.) 1.9 с | позиция вперёд -0.3 вбок +0.2
16:35:19.032  LIST    3:9м 4:27м 5:29м 6:36м
16:35:19.152  VISION  panel: found=True hp=38.7%  |  aim: found=False offset=(+0.0, +0.0)  |  bars=0 marked=0 lock=True enroute=False eng=True txt=dc7d20c7/141
16:35:19.297  LIST    3:8м 4:28м 5:30м 6:38м
16:35:19.521  LIST    3:8м 4:29м 5:31м 6:34м
16:35:19.734  LIST    3:9м 4:29м 5:30м 6:32м
16:35:19.935  LIST    3:11м 4:30м 5:30м 6:31м
16:35:20.143  LIST    3:12м 4:28м 5:29м 6:31м
16:35:20.251  VISION  panel: found=False (цели нет: нет чёрных линий рамки)  фаза=LIST  |  aim: found=False offset=(+0.0, +0.0)  |  bars=0 marked=0 lock=True enroute=False eng=True txt=-
16:35:20.366  LIST    3:12м 4:27м 5:28м 6:32м
16:35:20.565  LIST    3:12м 4:26м 5:27м 6:33м
16:35:20.739  MOVE    бой фраза #873 1.6 с | позиция вперёд +0.0 вбок +0.3
16:35:20.790  LIST    3:12м 4:28м 5:27м 6:34м
16:35:20.879  STATE   COMBAT -> SEARCH (панель отсутствовала 1.59с подряд, грейс-период 1.50с; последнее HP 0.0%, скорость 0.0 п.п./с, прогноз 0.0% -> УБИТА) -> cancel_pending_actions()
16:35:20.879  CHAIN   'Цепочка #2 (доигрываю) (доигрываю) (доигрываю)' снята обрывом (цель пропала), шла 2.5 с
16:35:20.880  MOVE    поиск фраза #929 (зерк.) 1.2 с | позиция вперёд +0.0 вбок +0.0
16:35:20.900  NAV     якорь прогулки — здесь (-19, 58) px карты
16:35:21.032  LIST    3:12м 4:24м 5:26м 6:38м
16:35:21.032  PHASE   TAB -> LIST (поиск: ближний в списке №3 (12 м))
16:35:21.032  LIST    -> №3 из [3:12м 4:24м 5:26м 6:38м], клик Alt+ПКМ
16:35:21.033  MOVE    поиск фраза #807 (зерк.) 1.0 с | позиция вперёд -0.0 вбок +0.0
16:35:21.127  CLICK   Alt+ПКМ по (109, 602)
16:35:21.151  CAMERA  заморожена (lock-on)
16:35:21.250  LIST    3:12м 4:23м 5:26м 6:36м
16:35:21.335  VISION  panel: found=False (цели нет: нет чёрных линий рамки)  фаза=LIST  |  aim: found=True offset=(+279.0, +35.3)  |  bars=10 marked=0 lock=True enroute=False eng=False txt=-
16:35:21.468  LIST    4:?
16:35:21.687  LIST    2:13м 3:23м 4:26м 5:37м
16:35:21.901  LIST    2:13м 3:23м 4:26м 5:36м
16:35:22.118  LIST    2:14м 3:23м* 4:26м 5:35м
16:35:22.118  LIST    выбран №3 (рамка на строке) -> бой
16:35:22.118  STATE   SEARCH -> COMBAT (панель нашла цель, фаза LIST, кликов подхода: 0)
16:35:22.118  ENGAGE  шлагбаум закрыт: жду первого падения HP (эталон текста: HpText(sig=6fdc5457, ink=167, 11x84), полоска 100.0%)
16:35:22.345  LIST    2:18м 3:21м 4:24м 5:37м
16:35:22.345  GATE    ротация ждёт первого упавшего HP цели (она ещё не в зоне удара)
16:35:22.346  CAMERA  цель в кадре (номер 3) — веду плавно
16:35:22.382  CLICK   готово, Alt отпущен
16:35:22.382  CAMERA  разморожена
16:35:22.431  VISION  panel: found=True hp=100.0%  |  aim: found=False offset=(+0.0, +0.0)  |  bars=0 marked=0 lock=True enroute=False eng=False txt=6fdc5457/167
16:35:22.432  CAMERA  цель в кадре (слежение) — веду плавно
16:35:22.579  LIST    2:17м 3:20м* 4:23м 5:38м
16:35:22.579  ZOOM    колесо вниз x6 (следующая прокрутка через 10 с)
16:35:22.580  CAMERA  упор на цель: жест +909 счётчиков (цель в +540 px, 0.55 px/сч)
16:35:22.580  MOVE    поворот камеры: жест #344 x-0.99 (+909 из +909 счётчиков)
16:35:22.580  WHEEL   вниз x6 (камера отдаляется)
16:35:22.596  CAMERA  заморожена (lock-on)
16:35:22.807  LIST    2:19м 3:18м* 4:22м 5:38м
16:35:23.044  LIST    2:20м 3:17м* 4:20м 5:39м
16:35:23.044  NAV     масштаб карты: 0.53 px/м (замер 0.51, 9 замеров)
16:35:23.211  CAMERA  разморожена
16:35:23.284  LIST    2:22м 3:18м* 4:19м 5:40м
16:35:23.382  CAMERA  цель в кадре (стрелки) — веду плавно
16:35:23.394  NAV     позиция (-17, 52) px, до якоря 12 м, масштаб 0.53 px/м, 17.1 сч/°, курс 322° | карта читается (0.89)
16:35:23.492  VISION  panel: found=True hp=100.0%  |  aim: found=True offset=(+149.0, +37.8)  |  bars=1 marked=1 lock=True enroute=False eng=False txt=6fdc5457/167
16:35:23.520  LIST    2:23м 3:14м* 4:18м 5:41м
16:35:23.521  CAMERA  цель в кадре (слежение) — веду плавно
16:35:23.779  LIST    2:28м 3:12м* 4:16м 5:42м
16:35:23.780  NAV     масштаб карты: 0.53 px/м (замер 0.33, 9 замеров)
16:35:24.511  VISION  panel: found=True hp=100.0%  |  aim: found=True offset=(-6.0, +40.8)  |  bars=1 marked=1 lock=True enroute=False eng=False txt=6fdc5457/167
16:35:24.809  LIST    2:28м 3:9м* 4:16м 5:42м
16:35:25.081  ENGAGE  цель в зоне удара через 3.0 с после входа (текст HP изменился на 48 px) — открываю ротацию
16:35:25.350  CHAIN   START 'Цепочка #2': 4 скилл(ов), не короче 3.6 с — до конца замок
16:35:25.350  === COMBO START ['press_1'] ===
16:35:25.350  ROTATION: цепочка 'Цепочка #2' кастуется, следующий повтор через 7.3с (диапазон 7.2-8.8с, независимо от других цепочек).
16:35:25.350  PRESS   1 (down, держим 76 мс)
16:35:25.442  PRESS   1 (up)
16:35:25.487  === COMBO END ===
16:35:25.583  VISION  panel: found=True hp=52.1%  |  aim: found=False offset=(+0.0, +0.0)  |  bars=0 marked=0 lock=True enroute=False eng=True txt=3f023e9a/148
16:35:25.605  LIST    2:36м 3:8м* 4:16м 5:2м
16:35:25.709  CAMERA  цель в кадре (стрелки) — веду плавно
16:35:25.848  LIST    2:36м 4:10м 5:80м
16:35:25.849  MOVE    бой фраза #565 0.7 с | позиция вперёд +0.0 вбок +0.0
16:35:26.366  LIST    2:36м 4:10м 5:9м
16:35:26.579  MOVE    бой фраза #35 1.8 с | позиция вперёд +0.0 вбок -0.4
16:35:26.590  LIST    пусто
16:35:26.689  VISION  panel: found=False (цели нет: нет чёрных линий рамки)  фаза=LIST  |  aim: found=True offset=(+113.0, +14.8)  |  bars=1 marked=1 lock=True enroute=False eng=True txt=-
16:35:26.837  LIST    3:7м 4:16м 5:27м 6:37м! 7:37м
16:35:27.032  LIST    3:6м 4:16м 5:28м 6:38м! 7:37м
16:35:27.267  LIST    3:7м 4:18м 5:27м 6:37м! 7:37м
16:35:27.466  LIST    3:8м 4:14м 5:27м 6:36м! 7:37м
16:35:27.466  STATE   COMBAT -> SEARCH (панель отсутствовала 1.50с подряд, грейс-период 1.50с; последнее HP 0.0%, скорость 0.0 п.п./с, прогноз 0.0% -> УБИТА) -> cancel_pending_actions()
16:35:27.467  CHAIN   'Цепочка #2' снята обрывом (цель пропала), шла 2.1 с
16:35:27.467  MOVE    поиск фраза #860 (зерк.) 1.0 с | позиция вперёд +0.0 вбок +0.0
16:35:27.589  NAV     якорь прогулки — здесь (-17, 44) px карты
16:35:27.689  VISION  panel: found=False (цели нет: нет чёрных линий рамки)  фаза=TAB  |  aim: found=True offset=(+47.5, +42.3)  |  bars=17 marked=0 lock=True enroute=False eng=False txt=-
16:35:27.709  LIST    3:9м 4:13м 5:27м 6:34м! 7:36м
16:35:27.711  PHASE   TAB -> LIST (поиск: ближний в списке №3 (9 м))
16:35:27.711  LIST    -> №3 из [3:9м 4:13м 5:27м 6:34м! 7:36м], клик Alt+ПКМ
16:35:27.712  MOVE    поиск фраза #31 (зерк.) 1.2 с | позиция вперёд +0.0 вбок +0.1
16:35:27.808  CLICK   Alt+ПКМ по (104, 601)
16:35:27.825  CAMERA  заморожена (lock-on)
16:35:27.937  LIST    3:11м 4:13м 5:27м 6:34м! 7:36м
16:35:28.182  LIST    3:12м 4:12м 5:27м 6:32м! 7:38м
16:35:28.426  LIST    3:14м 4:12м 5:27м 6:30м! 7:38м
16:35:28.544  NAV     позиция (-14, 44) px, до якоря 5 м, масштаб 0.53 px/м, 17.1 сч/°, курс 359° | карта читается (1.02)
16:35:28.648  LIST    3:13м* 4:12м 5:27м 6:31м! 7:34м
16:35:28.649  LIST    выбран №3 (рамка на строке) -> бой
16:35:28.649  STATE   SEARCH -> COMBAT (панель нашла цель, фаза LIST, кликов подхода: 0)
16:35:28.649  ENGAGE  шлагбаум закрыт: жду первого падения HP (эталон текста: HpText(sig=a365f664, ink=150, 11x84), полоска 100.0%)
16:35:28.738  VISION  panel: found=True hp=100.0%  |  aim: found=False offset=(+0.0, +0.0)  |  bars=0 marked=0 lock=True enroute=False eng=False txt=a365f664/150
16:35:28.740  CAMERA  цели в кадре нет — смотрю, куда бегу: поворот +91°
16:35:28.740  MOVE    поворот камеры: жест #143 x-0.98 (+1552 из +1552 счётчиков)
16:35:28.883  LIST    3:12м* 4:12м 5:26м 6:32м! 7:38м
16:35:28.884  GATE    ротация ждёт первого упавшего HP цели (она ещё не в зоне удара)
16:35:28.933  CLICK   готово, Alt отпущен
16:35:28.968  CAMERA  разморожена
16:35:29.158  LIST    3:12м* 4:12м 5:26м 6:32м! 7:34м
16:35:29.379  LIST    3:12м 4:13м 5:26м 6:32м! 7:34м
16:35:29.817  VISION  panel: found=True hp=100.0%  |  aim: found=False offset=(+0.0, +0.0)  |  bars=0 marked=0 lock=True enroute=False eng=False txt=a7c2d7d2/152
16:35:29.847  LIST    3:9м* 4:13м 5:26м 6:32м! 7:34м
16:35:29.965  ENGAGE  цель в зоне удара через 1.3 с после входа (текст HP изменился на 293 px) — открываю ротацию
16:35:30.369  LIST    4:13м 5:26м 6:32м! 7:34м
16:35:30.369  CHAIN   RESUME 'Цепочка #2': доигрываю 3 скилл(ов), не нажатых до смерти цели
16:35:30.369  CHAIN   START 'Цепочка #2 (доигрываю)': 3 скилл(ов), не короче 2.7 с — до конца замок
16:35:30.369  === COMBO START ['press_2'] ===
16:35:30.370  MOVE    бой фраза #720 (зерк.) 0.7 с | позиция вперёд +0.0 вбок +0.0
16:35:30.370  PRESS   2 (down, держим 82 мс)
16:35:30.473  PRESS   2 (up)
16:35:30.545  === COMBO END ===
16:35:30.832  LIST    4:11м 5:28м 6:32м! 7:38м
16:35:30.952  VISION  panel: found=True hp=28.6%  |  aim: found=False offset=(+0.0, +0.0)  |  bars=0 marked=0 lock=True enroute=False eng=True txt=1000435a/124
16:35:31.038  MOVE    бой фраза #812 1.5 с | позиция вперёд +0.3 вбок -0.5
16:35:31.122  LIST    4:10м 5:23м 6:31м! 7:36м
16:35:31.124  CAMERA  цель в кадре (стрелки) — веду плавно
16:35:31.230  CAMERA  цель в кадре (слежение) — веду плавно
16:35:31.392  LIST    4:9м 5:23м 6:30м! 7:36м
16:35:31.615  LIST    3:53м 6:35м 7:35м
16:35:31.834  LIST    2:10м 3:24м 4:27м! 5:33м! 6:36м 7:36м 8:34м
16:35:32.019  VISION  panel: found=False (цели нет: нет чёрных линий рамки)  фаза=LIST  |  aim: found=False offset=(+0.0, +0.0)  |  bars=0 marked=0 lock=True enroute=False eng=True txt=-
16:35:32.047  LIST    2:12м 3:28м 4:27м! 5:33м! 6:37м 7:36м 8:33м
16:35:32.300  LIST    2:12м 3:26м 4:27м! 5:34м! 6:38м 7:37м 8:32м
16:35:32.549  LIST    2:11м 3:24м 4:27м! 5:34м! 6:36м 7:37м 8:33м
16:35:32.575  MOVE    бой фраза #961 (зерк.) 1.2 с | позиция вперёд +0.6 вбок -0.3
16:35:32.796  LIST    2:10м 3:23м 4:27м! 5:33м! 6:38м 7:36м 8:34м
16:35:32.882  STATE   COMBAT -> SEARCH (панель отсутствовала 1.52с подряд, грейс-период 1.50с; последнее HP 0.0%, скорость 0.0 п.п./с, прогноз 0.0% -> УБИТА) -> cancel_pending_actions()
16:35:32.882  CHAIN   'Цепочка #2 (доигрываю)' снята обрывом (цель пропала), шла 2.5 с
16:35:32.883  MOVE    поиск фраза #809 1.1 с | позиция вперёд +0.0 вбок +0.0
16:35:32.904  NAV     якорь прогулки — здесь (-13, 41) px карты
16:35:33.032  LIST    2:8м 3:21м 4:28м! 5:33м! 6:33м 7:36м 8:36м
16:35:33.033  PHASE   TAB -> LIST (поиск: ближний в списке №2 (8 м))
16:35:33.033  LIST    -> №2 из [2:8м 3:21м 4:28м! 5:33м! 6:33м 7:36м 8:36м], клик Alt+ПКМ
16:35:33.033  MOVE    поиск фраза #893 1.7 с | позиция вперёд +0.0 вбок -0.0
16:35:33.130  VISION  panel: found=False (цели нет: нет чёрных линий рамки)  фаза=LIST  |  aim: found=True offset=(-411.0, +76.3)  |  bars=9 marked=0 lock=True enroute=False eng=False txt=-
16:35:33.249  CLICK   Alt+ПКМ по (92, 563)
16:35:33.266  CAMERA  заморожена (lock-on)
16:35:33.372  LIST    2:6м 3:19м 4:28м! 5:33м! 6:31м 7:36м 8:38м
16:35:33.598  LIST    2:8м 3:18м 4:29м! 5:33м! 6:30м 7:36м 8:38м
16:35:33.622  NAV     позиция (-13, 38) px, до якоря 5 м, масштаб 0.53 px/м, 17.1 сч/°, курс 88° | карта читается (0.89)
16:35:33.853  LIST    2:3м 3:16м 4:29м! 5:33м! 6:28м 7:36м 8:40м
16:35:33.905  CLICK   перед кликом отпустил a
16:35:34.002  LIST    2:3м 3:18м 4:30м! 5:33м! 6:28м 7:36м 8:41м
16:35:34.220  VISION  panel: found=True hp=100.0%  |  aim: found=True offset=(-153.0, +58.3)  |  bars=13 marked=2 lock=True enroute=False eng=False txt=d5ac6f45/161
16:35:34.250  LIST    2:3м* 3:18м 4:30м! 5:33м! 6:28м 7:36м 8:41м
16:35:34.250  LIST    выбран №2 (рамка на строке) -> бой
16:35:34.251  STATE   SEARCH -> COMBAT (панель нашла цель, фаза LIST, кликов подхода: 0)
16:35:34.252  ENGAGE  шлагбаум закрыт: жду первого падения HP (эталон текста: HpText(sig=d5ac6f45, ink=161, 11x84), полоска 100.0%)
16:35:34.362  GATE    ротация ждёт первого упавшего HP цели (она ещё не в зоне удара)
16:35:34.363  CAMERA  цели в кадре нет — смотрю, куда бегу: поворот -92°
16:35:34.364  MOVE    поворот камеры: жест #188 x-0.99 (-1569 из -1569 счётчиков)
16:35:34.365  MOVE    бой фраза #555 (зерк.) 0.8 с | позиция вперёд +0.0 вбок +0.0
16:35:34.498  CLICK   готово, Alt отпущен
16:35:34.524  LIST    2:3м 3:18м 4:30м! 5:33м! 6:28м 7:37м 8:41м
16:35:34.525  CAMERA  цель в кадре (номер 2) — веду плавно
16:35:34.528  CAMERA  разморожена
16:35:34.630  ZOOM    колесо вниз x5 (следующая прокрутка через 11 с)
16:35:34.630  WHEEL   вниз x5 (камера отдаляется)
16:35:34.650  CAMERA  заморожена (lock-on)
16:35:34.753  LIST    2:3м* 3:18м 4:30м! 5:33м! 6:28м 7:37м 8:40м
16:35:34.753  CAMERA  цель в кадре (слежение) — веду плавно
16:35:36.115  NAV     якорь прогулки — здесь (-14, 38) px карты
16:35:36.271  VISION  panel: found=True hp=49.6%  |  aim: found=False offset=(+0.0, +0.0)  |  bars=0 marked=0 lock=True enroute=False eng=False txt=db95a39a/163
16:35:36.287  LIST    нет списка (список закрыт или не вкладка 'Персонаж')
16:35:36.288  MOVE    бой фраза #263 (зерк.) 1.6 с | позиция вперёд +0.0 вбок +0.0
16:35:36.373  BBOX    событие 'panel_miss_beige' сохранено: 163304_029_panel_miss_beige
16:35:36.374  ENGAGE  цель в зоне удара через 2.2 с после входа (текст HP изменился на 178 px) — открываю ротацию
16:35:37.078  LIST    3:16м 4:28м 5:29м! 6:33м! 7:38м 8:32м!
16:35:37.078  CHAIN   RESUME 'Цепочка #2 (доигрываю)': доигрываю 2 скилл(ов), не нажатых до смерти цели
16:35:37.078  CHAIN   START 'Цепочка #2 (доигрываю) (доигрываю)': 2 скилл(ов), не короче 1.8 с — до конца замок
16:35:37.078  === COMBO START ['press_3'] ===
16:35:37.079  PRESS   3 (down, держим 86 мс)
16:35:37.172  PRESS   3 (up)
16:35:37.234  === COMBO END ===
16:35:37.245  CHAIN   WAIT: 'Цепочка #2' готова, но идёт 'Цепочка #2 (доигрываю) (доигрываю)' (0.2 с из минимум 1.8 с) — жду
16:35:37.329  VISION  panel: found=True hp=26.9%  |  aim: found=False offset=(+0.0, +0.0)  |  bars=0 marked=0 lock=True enroute=False eng=True txt=a1f28d92/129
16:35:37.879  MOVE    бой фраза #975 0.6 с | позиция вперёд +0.3 вбок -0.5
16:35:38.171  === COMBO START ['press_4'] ===
16:35:38.172  PRESS   4 (down, держим 68 мс)
16:35:38.248  PRESS   4 (up)
16:35:38.310  === COMBO END ===
16:35:38.332  VISION  panel: found=True hp=26.9%  |  aim: found=False offset=(+0.0, +0.0)  |  bars=0 marked=0 lock=True enroute=False eng=True txt=a1f28d92/129
16:35:38.525  MOVE    бой фраза #124 (зерк.) 1.7 с | позиция вперёд +0.1 вбок -0.2
16:35:38.804  NAV     позиция (-14, 38) px, до якоря 0 м, масштаб 0.53 px/м, 17.1 сч/°, курс 86° | карта читается (0.92)
16:35:38.863  BBOX    событие 'panel_miss_beige' сохранено: 163304_030_panel_miss_beige
16:35:39.436  VISION  panel: found=False (цели нет: нет бежевой окантовки снизу)  фаза=LIST  |  aim: found=False offset=(+0.0, +0.0)  |  bars=0 marked=0 lock=True enroute=False eng=True txt=-
16:35:39.454  LIST    нет списка (список закрыт или не вкладка 'Персонаж')
16:35:40.268  MOVE    бой фраза #383 1.8 с | позиция вперёд +0.4 вбок +0.1
16:35:40.446  VISION  panel: found=False (цели нет: длина линий 68 px вне диапазона)  фаза=LIST  |  aim: found=False offset=(+0.0, +0.0)  |  bars=0 marked=0 lock=True enroute=False eng=True txt=-
16:35:40.649  STATE   COMBAT -> SEARCH (панель отсутствовала 1.59с подряд, грейс-период 1.50с; последнее HP 0.0%, скорость 0.0 п.п./с, прогноз 0.0% -> УБИТА) -> cancel_pending_actions()
16:35:40.649  CHAIN   'Цепочка #2 (доигрываю) (доигрываю)' снята обрывом (цель пропала), шла 3.6 с
16:35:40.649  MOVE    поиск фраза #765 (зерк.) 1.1 с | позиция вперёд +0.0 вбок +0.0
16:35:40.733  LIST    список целей не виден (закрыт или не вкладка 'Персонаж') — к мобам вслепую не бегу, жду список
16:35:40.852  NAV     якорь прогулки — здесь (-14, 38) px карты
16:35:41.490  VISION  panel: found=False (цели нет: длина линий 68 px вне диапазона)  фаза=TAB  |  aim: found=False offset=(+0.0, +0.0)  |  bars=0 marked=0 lock=False enroute=False eng=False txt=-
16:35:41.800  MOVE    поиск фраза #629 (зерк.) 0.7 с | позиция вперёд +0.4 вбок +0.2
16:35:42.514  VISION  panel: found=False (цели нет: длина линий 68 px вне диапазона)  фаза=TAB  |  aim: found=False offset=(+0.0, +0.0)  |  bars=0 marked=0 lock=False enroute=False eng=False txt=-
16:35:42.547  MOVE    поиск фраза #535 (зерк.) 0.9 с | позиция вперёд +0.9 вбок -0.3
16:35:43.446  MOVE    поиск фраза #162 1.5 с | позиция вперёд +0.8 вбок -0.1
16:35:43.509  VISION  panel: found=False (цели нет: длина линий 68 px вне диапазона)  фаза=TAB  |  aim: found=False offset=(+0.0, +0.0)  |  bars=0 marked=0 lock=False enroute=False eng=False txt=-
16:35:43.825  NAV     позиция (-14, 38) px, до якоря 0 м, масштаб 0.53 px/м, 17.1 сч/°, курс 86° | карта читается (1.00)
16:35:44.564  VISION  panel: found=False (цели нет: длина линий 68 px вне диапазона)  фаза=TAB  |  aim: found=False offset=(+0.0, +0.0)  |  bars=0 marked=0 lock=False enroute=False eng=False txt=-
16:35:44.998  MOVE    поиск фраза #323 (зерк.) 1.4 с | позиция вперёд +0.8 вбок +0.1
16:35:45.552  VISION  panel: found=False (цели нет: длина линий 68 px вне диапазона)  фаза=TAB  |  aim: found=False offset=(+0.0, +0.0)  |  bars=0 marked=0 lock=False enroute=False eng=False txt=-
16:35:46.381  MOVE    поиск фраза #831 (зерк.) 0.8 с | позиция вперёд +0.7 вбок -0.1
16:35:46.615  VISION  panel: found=False (цели нет: длина линий 68 px вне диапазона)  фаза=TAB  |  aim: found=False offset=(+0.0, +0.0)  |  bars=0 marked=0 lock=False enroute=False eng=False txt=-
16:35:47.219  MOVE    поиск фраза #249 (зерк.) 1.2 с | позиция вперёд +0.6 вбок -0.8
16:35:47.627  VISION  panel: found=False (цели нет: длина линий 68 px вне диапазона)  фаза=TAB  |  aim: found=False offset=(+0.0, +0.0)  |  bars=0 marked=0 lock=False enroute=False eng=False txt=-
16:35:48.428  MOVE    поиск фраза #740 (зерк.) 0.8 с | позиция вперёд +0.5 вбок -0.2
16:35:48.688  VISION  panel: found=False (цели нет: длина линий 68 px вне диапазона)  фаза=TAB  |  aim: found=False offset=(+0.0, +0.0)  |  bars=0 marked=0 lock=False enroute=False eng=False txt=-
16:35:48.899  NAV     позиция (-14, 38) px, до якоря 0 м, масштаб 0.53 px/м, 17.1 сч/°, курс 86° | карта читается (1.00)
16:35:49.192  MOVE    поиск фраза #709 1.5 с | позиция вперёд +0.5 вбок +0.5
16:35:49.726  VISION  panel: found=False (цели нет: длина линий 68 px вне диапазона)  фаза=TAB  |  aim: found=False offset=(+0.0, +0.0)  |  bars=0 marked=0 lock=False enroute=False eng=False txt=-
16:35:50.676  MOVE    поиск фраза #635 (зерк.) 1.3 с | позиция вперёд +0.6 вбок +0.7
16:35:50.736  VISION  panel: found=False (цели нет: длина линий 68 px вне диапазона)  фаза=TAB  |  aim: found=False offset=(+0.0, +0.0)  |  bars=0 marked=0 lock=False enroute=False eng=False txt=-
16:35:51.786  VISION  panel: found=False (цели нет: длина линий 68 px вне диапазона)  фаза=TAB  |  aim: found=False offset=(+0.0, +0.0)  |  bars=0 marked=0 lock=False enroute=False eng=False txt=-
16:35:52.012  MOVE    поиск фраза #390 1.5 с | позиция вперёд +0.5 вбок +0.5
16:35:52.860  VISION  panel: found=False (цели нет: длина линий 68 px вне диапазона)  фаза=TAB  |  aim: found=False offset=(+0.0, +0.0)  |  bars=0 marked=0 lock=False enroute=False eng=False txt=-
16:35:53.483  MOVE    поиск фраза #942 0.6 с | позиция вперёд +0.5 вбок +0.0
16:35:53.888  VISION  panel: found=False (цели нет: длина линий 68 px вне диапазона)  фаза=TAB  |  aim: found=False offset=(+0.0, +0.0)  |  bars=0 marked=0 lock=False enroute=False eng=False txt=-
16:35:53.981  NAV     позиция (-14, 38) px, до якоря 0 м, масштаб 0.53 px/м, 17.1 сч/°, курс 86° | карта читается (1.00)
16:35:54.064  MOVE    поиск фраза #890 (зерк.) 1.6 с | позиция вперёд +0.7 вбок -0.4
16:35:54.903  VISION  panel: found=False (цели нет: длина линий 68 px вне диапазона)  фаза=TAB  |  aim: found=False offset=(+0.0, +0.0)  |  bars=0 marked=0 lock=False enroute=False eng=False txt=-
16:35:55.642  MOVE    поиск фраза #82 1.4 с | позиция вперёд +0.6 вбок +0.2
16:35:55.900  VISION  panel: found=False (цели нет: длина линий 68 px вне диапазона)  фаза=TAB  |  aim: found=False offset=(+0.0, +0.0)  |  bars=0 marked=0 lock=False enroute=False eng=False txt=-
16:35:56.902  VISION  panel: found=False (цели нет: длина линий 68 px вне диапазона)  фаза=TAB  |  aim: found=False offset=(+0.0, +0.0)  |  bars=0 marked=0 lock=False enroute=False eng=False txt=-
16:35:57.042  MOVE    поиск фраза #870 (зерк.) 0.6 с | позиция вперёд +0.5 вбок +0.7
16:35:57.664  MOVE    поиск фраза #802 (зерк.) 1.0 с | позиция вперёд +0.7 вбок +0.2
16:35:57.952  VISION  panel: found=False (цели нет: длина линий 68 px вне диапазона)  фаза=TAB  |  aim: found=False offset=(+0.0, +0.0)  |  bars=0 marked=0 lock=False enroute=False eng=False txt=-
16:35:58.646  MOVE    поиск фраза #619 (зерк.) 0.9 с | позиция вперёд +0.9 вбок +0.1
16:35:58.949  VISION  panel: found=False (цели нет: длина линий 68 px вне диапазона)  фаза=TAB  |  aim: found=False offset=(+0.0, +0.0)  |  bars=0 marked=0 lock=False enroute=False eng=False txt=-
16:35:59.162  NAV     позиция (-14, 38) px, до якоря 0 м, масштаб 0.53 px/м, 17.1 сч/°, курс 86° | карта читается (1.00)
16:35:59.550  MOVE    поиск фраза #723 0.5 с | позиция вперёд +0.9 вбок +0.2
16:35:59.970  VISION  panel: found=False (цели нет: длина линий 68 px вне диапазона)  фаза=TAB  |  aim: found=False offset=(+0.0, +0.0)  |  bars=0 marked=0 lock=False enroute=False eng=False txt=-
16:36:00.077  MOVE    поиск фраза #513 1.6 с | позиция вперёд +0.9 вбок -0.3
16:36:00.986  VISION  panel: found=False (цели нет: длина линий 68 px вне диапазона)  фаза=TAB  |  aim: found=False offset=(+0.0, +0.0)  |  bars=0 marked=0 lock=False enroute=False eng=False txt=-
16:36:01.679  MOVE    поиск фраза #331 1.7 с | позиция вперёд +0.9 вбок -0.1
16:36:01.984  VISION  panel: found=False (цели нет: длина линий 68 px вне диапазона)  фаза=TAB  |  aim: found=False offset=(+0.0, +0.0)  |  bars=0 marked=0 lock=False enroute=False eng=False txt=-
16:36:03.000  VISION  panel: found=False (цели нет: длина линий 68 px вне диапазона)  фаза=TAB  |  aim: found=False offset=(+0.0, +0.0)  |  bars=0 marked=0 lock=False enroute=False eng=False txt=-
16:36:03.397  MOVE    поиск фраза #925 (зерк.) 1.3 с | позиция вперёд +0.8 вбок -0.1
16:36:04.015  VISION  panel: found=False (цели нет: длина линий 68 px вне диапазона)  фаза=TAB  |  aim: found=False offset=(+0.0, +0.0)  |  bars=0 marked=0 lock=False enroute=False eng=False txt=-
16:36:04.278  NAV     позиция (-14, 38) px, до якоря 0 м, масштаб 0.53 px/м, 17.1 сч/°, курс 86° | карта читается (0.87)
